wandb: WARNING `start_method` is deprecated and will be removed in a future version of wandb. This setting is currently non-functional and safely ignored.
wandb: WARNING `resume` will be ignored since W&B syncing is set to `offline`. Starting a new run with run id o9codovp.
wandb: Tracking run with wandb version 0.20.1
wandb: W&B syncing is set to `offline` in this directory. Run `wandb online` or set WANDB_MODE=online to enable cloud syncing.
[93mWARNING [0m:   DEPRECATED FEATURE: flwr.simulation.start_simulation() is deprecated.
	Instead, use the `flwr run` CLI command to start a local simulation in your Flower app, as shown for example below:

		$ flwr new  # Create a new Flower app from a template

		$ flwr run  # Run the Flower app in Simulation Mode

	Using `start_simulation()` is deprecated.

            This is a deprecated feature. It will be removed
            entirely in future versions of Flower.
        
[92mINFO [0m:      Starting Flower simulation, config: num_rounds=20, no round_timeout
2025-07-11 22:57:19,686	INFO worker.py:1771 -- Started a local Ray instance.
[92mINFO [0m:      Flower VCE: Ray initialized with resources: {'node:__internal_head__': 1.0, 'CPU': 20.0, 'object_store_memory': 39922114560.0, 'accelerator_type:K80': 1.0, 'memory': 83151600640.0, 'node:172.16.1.102': 1.0, 'GPU': 4.0}
[92mINFO [0m:      Optimize your simulation with Flower VCE: https://flower.ai/docs/framework/how-to-run-simulations.html
[92mINFO [0m:      Flower VCE: Resources for each Virtual Client: {'num_cpus': 2, 'num_gpus': 0.5}
[92mINFO [0m:      Flower VCE: Creating VirtualClientEngineActorPool with 8 actors
[92mINFO [0m:      [INIT]
[92mINFO [0m:      Using initial global parameters provided by strategy
[92mINFO [0m:      Starting evaluation of initial global parameters
[92mINFO [0m:      initial parameters (loss, other metrics): 2.3079336828486934, {'accuracy': 0.0997}
[92mINFO [0m:      
[92mINFO [0m:      [ROUND 1]
[92mINFO [0m:      configure_fit: strategy sampled 100 clients (out of 100)
[36m(ClientAppActor pid=92745)[0m [93mWARNING [0m:   DEPRECATED FEATURE: `client_fn` now expects a signature `def client_fn(context: Context)`.The provided `client_fn` has signature: {'cid': <Parameter "cid: str">}. You can import the `Context` like this: `from flwr.common import Context`
[36m(ClientAppActor pid=92745)[0m 
[36m(ClientAppActor pid=92745)[0m             This is a deprecated feature. It will be removed
[36m(ClientAppActor pid=92745)[0m             entirely in future versions of Flower.
[36m(ClientAppActor pid=92745)[0m         
[36m(ClientAppActor pid=92739)[0m 
[36m(ClientAppActor pid=92739)[0m         
[36m(ClientAppActor pid=92722)[0m 
[36m(ClientAppActor pid=92722)[0m         
[36m(ClientAppActor pid=92744)[0m 
[36m(ClientAppActor pid=92744)[0m         
[36m(ClientAppActor pid=92743)[0m 
[36m(ClientAppActor pid=92743)[0m         
[36m(ClientAppActor pid=92741)[0m 
[36m(ClientAppActor pid=92741)[0m         
[36m(ClientAppActor pid=92746)[0m 
[36m(ClientAppActor pid=92746)[0m         
[36m(ClientAppActor pid=92742)[0m 
[36m(ClientAppActor pid=92742)[0m         
[36m(ClientAppActor pid=92722)[0m 
[36m(ClientAppActor pid=92722)[0m         
[36m(ClientAppActor pid=92746)[0m 
[36m(ClientAppActor pid=92746)[0m         
[36m(ClientAppActor pid=92746)[0m [93mWARNING [0m:   DEPRECATED FEATURE: `client_fn` now expects a signature `def client_fn(context: Context)`.The provided `client_fn` has signature: {'cid': <Parameter "cid: str">}. You can import the `Context` like this: `from flwr.common import Context`[32m [repeated 9x across cluster] (Ray deduplicates logs by default. Set RAY_DEDUP_LOGS=0 to disable log deduplication, or see https://docs.ray.io/en/master/ray-observability/user-guides/configure-logging.html#log-deduplication for more options.)[0m
[36m(ClientAppActor pid=92746)[0m             This is a deprecated feature. It will be removed[32m [repeated 9x across cluster][0m
[36m(ClientAppActor pid=92746)[0m             entirely in future versions of Flower.[32m [repeated 9x across cluster][0m
[36m(ClientAppActor pid=92739)[0m 
[36m(ClientAppActor pid=92739)[0m         
[36m(ClientAppActor pid=92743)[0m 
[36m(ClientAppActor pid=92743)[0m         
[36m(ClientAppActor pid=92742)[0m 
[36m(ClientAppActor pid=92742)[0m         
[36m(ClientAppActor pid=92744)[0m 
[36m(ClientAppActor pid=92744)[0m         
[36m(ClientAppActor pid=92745)[0m 
[36m(ClientAppActor pid=92745)[0m         
[36m(ClientAppActor pid=92722)[0m 
[36m(ClientAppActor pid=92722)[0m         
[36m(ClientAppActor pid=92741)[0m 
[36m(ClientAppActor pid=92741)[0m         
[36m(ClientAppActor pid=92742)[0m 
[36m(ClientAppActor pid=92742)[0m         
[36m(ClientAppActor pid=92739)[0m 
[36m(ClientAppActor pid=92739)[0m         
[36m(ClientAppActor pid=92743)[0m 
[36m(ClientAppActor pid=92743)[0m         
[36m(ClientAppActor pid=92744)[0m 
[36m(ClientAppActor pid=92744)[0m         
[36m(ClientAppActor pid=92746)[0m 
[36m(ClientAppActor pid=92746)[0m         
[36m(ClientAppActor pid=92743)[0m 
[36m(ClientAppActor pid=92743)[0m         
[36m(ClientAppActor pid=92745)[0m 
[36m(ClientAppActor pid=92745)[0m         
[36m(ClientAppActor pid=92742)[0m 
[36m(ClientAppActor pid=92742)[0m         
[36m(ClientAppActor pid=92722)[0m 
[36m(ClientAppActor pid=92722)[0m         
[36m(ClientAppActor pid=92746)[0m 
[36m(ClientAppActor pid=92746)[0m         
[36m(ClientAppActor pid=92739)[0m 
[36m(ClientAppActor pid=92739)[0m         
[36m(ClientAppActor pid=92744)[0m 
[36m(ClientAppActor pid=92744)[0m         
[36m(ClientAppActor pid=92743)[0m 
[36m(ClientAppActor pid=92743)[0m         
[36m(ClientAppActor pid=92743)[0m [93mWARNING [0m:   DEPRECATED FEATURE: `client_fn` now expects a signature `def client_fn(context: Context)`.The provided `client_fn` has signature: {'cid': <Parameter "cid: str">}. You can import the `Context` like this: `from flwr.common import Context`[32m [repeated 20x across cluster][0m
[36m(ClientAppActor pid=92743)[0m             This is a deprecated feature. It will be removed[32m [repeated 20x across cluster][0m
[36m(ClientAppActor pid=92743)[0m             entirely in future versions of Flower.[32m [repeated 20x across cluster][0m
[36m(ClientAppActor pid=92739)[0m 
[36m(ClientAppActor pid=92739)[0m         
[36m(ClientAppActor pid=92741)[0m 
[36m(ClientAppActor pid=92741)[0m         
[36m(ClientAppActor pid=92745)[0m 
[36m(ClientAppActor pid=92745)[0m         
[36m(ClientAppActor pid=92722)[0m 
[36m(ClientAppActor pid=92722)[0m         
[36m(ClientAppActor pid=92742)[0m 
[36m(ClientAppActor pid=92742)[0m         
[36m(ClientAppActor pid=92746)[0m 
[36m(ClientAppActor pid=92746)[0m         
[36m(ClientAppActor pid=92744)[0m 
[36m(ClientAppActor pid=92744)[0m         
[36m(ClientAppActor pid=92743)[0m 
[36m(ClientAppActor pid=92743)[0m         
[36m(ClientAppActor pid=92739)[0m 
[36m(ClientAppActor pid=92739)[0m         
[36m(ClientAppActor pid=92741)[0m 
[36m(ClientAppActor pid=92741)[0m         
[36m(ClientAppActor pid=92722)[0m 
[36m(ClientAppActor pid=92722)[0m         
[36m(ClientAppActor pid=92742)[0m 
[36m(ClientAppActor pid=92742)[0m         
[36m(ClientAppActor pid=92739)[0m 
[36m(ClientAppActor pid=92739)[0m         
[36m(ClientAppActor pid=92743)[0m 
[36m(ClientAppActor pid=92743)[0m         
[36m(ClientAppActor pid=92746)[0m 
[36m(ClientAppActor pid=92746)[0m         
[36m(ClientAppActor pid=92744)[0m 
[36m(ClientAppActor pid=92744)[0m         
[36m(ClientAppActor pid=92742)[0m 
[36m(ClientAppActor pid=92742)[0m         
[36m(ClientAppActor pid=92743)[0m 
[36m(ClientAppActor pid=92743)[0m         
[36m(ClientAppActor pid=92741)[0m 
[36m(ClientAppActor pid=92741)[0m         
[36m(ClientAppActor pid=92741)[0m [93mWARNING [0m:   DEPRECATED FEATURE: `client_fn` now expects a signature `def client_fn(context: Context)`.The provided `client_fn` has signature: {'cid': <Parameter "cid: str">}. You can import the `Context` like this: `from flwr.common import Context`[32m [repeated 19x across cluster][0m
[36m(ClientAppActor pid=92741)[0m             This is a deprecated feature. It will be removed[32m [repeated 19x across cluster][0m
[36m(ClientAppActor pid=92741)[0m             entirely in future versions of Flower.[32m [repeated 19x across cluster][0m
[36m(ClientAppActor pid=92722)[0m 
[36m(ClientAppActor pid=92722)[0m         
[36m(ClientAppActor pid=92746)[0m 
[36m(ClientAppActor pid=92746)[0m         
[36m(ClientAppActor pid=92739)[0m 
[36m(ClientAppActor pid=92739)[0m         
[36m(ClientAppActor pid=92745)[0m 
[36m(ClientAppActor pid=92745)[0m         
[36m(ClientAppActor pid=92743)[0m 
[36m(ClientAppActor pid=92743)[0m         
[36m(ClientAppActor pid=92742)[0m 
[36m(ClientAppActor pid=92742)[0m         
[36m(ClientAppActor pid=92741)[0m 
[36m(ClientAppActor pid=92741)[0m         
[36m(ClientAppActor pid=92722)[0m 
[36m(ClientAppActor pid=92722)[0m         
[36m(ClientAppActor pid=92739)[0m 
[36m(ClientAppActor pid=92739)[0m         
[36m(ClientAppActor pid=92743)[0m 
[36m(ClientAppActor pid=92743)[0m         
[36m(ClientAppActor pid=92745)[0m 
[36m(ClientAppActor pid=92745)[0m         
[36m(ClientAppActor pid=92746)[0m 
[36m(ClientAppActor pid=92746)[0m         
[36m(ClientAppActor pid=92722)[0m 
[36m(ClientAppActor pid=92722)[0m         
[36m(ClientAppActor pid=92741)[0m 
[36m(ClientAppActor pid=92741)[0m         
[36m(ClientAppActor pid=92742)[0m 
[36m(ClientAppActor pid=92742)[0m         
[36m(ClientAppActor pid=92744)[0m 
[36m(ClientAppActor pid=92744)[0m         
[36m(ClientAppActor pid=92739)[0m 
[36m(ClientAppActor pid=92739)[0m         
[36m(ClientAppActor pid=92745)[0m 
[36m(ClientAppActor pid=92745)[0m         
[36m(ClientAppActor pid=92722)[0m 
[36m(ClientAppActor pid=92722)[0m         
[36m(ClientAppActor pid=92722)[0m [93mWARNING [0m:   DEPRECATED FEATURE: `client_fn` now expects a signature `def client_fn(context: Context)`.The provided `client_fn` has signature: {'cid': <Parameter "cid: str">}. You can import the `Context` like this: `from flwr.common import Context`[32m [repeated 19x across cluster][0m
[36m(ClientAppActor pid=92722)[0m             This is a deprecated feature. It will be removed[32m [repeated 19x across cluster][0m
[36m(ClientAppActor pid=92722)[0m             entirely in future versions of Flower.[32m [repeated 19x across cluster][0m
[36m(ClientAppActor pid=92746)[0m 
[36m(ClientAppActor pid=92746)[0m         
[36m(ClientAppActor pid=92742)[0m 
[36m(ClientAppActor pid=92742)[0m         
[36m(ClientAppActor pid=92744)[0m 
[36m(ClientAppActor pid=92744)[0m         
[36m(ClientAppActor pid=92741)[0m 
[36m(ClientAppActor pid=92741)[0m         
[36m(ClientAppActor pid=92743)[0m 
[36m(ClientAppActor pid=92743)[0m         
[36m(ClientAppActor pid=92722)[0m 
[36m(ClientAppActor pid=92722)[0m         
[36m(ClientAppActor pid=92744)[0m 
[36m(ClientAppActor pid=92744)[0m         
[36m(ClientAppActor pid=92746)[0m 
[36m(ClientAppActor pid=92746)[0m         
[36m(ClientAppActor pid=92745)[0m 
[36m(ClientAppActor pid=92745)[0m         
[36m(ClientAppActor pid=92739)[0m 
[36m(ClientAppActor pid=92739)[0m         
[36m(ClientAppActor pid=92741)[0m 
[36m(ClientAppActor pid=92741)[0m         
[36m(ClientAppActor pid=92743)[0m 
[36m(ClientAppActor pid=92743)[0m         
[36m(ClientAppActor pid=92742)[0m 
[36m(ClientAppActor pid=92742)[0m         
[36m(ClientAppActor pid=92739)[0m 
[36m(ClientAppActor pid=92739)[0m         
[36m(ClientAppActor pid=92745)[0m 
[36m(ClientAppActor pid=92745)[0m         
[36m(ClientAppActor pid=92746)[0m 
[36m(ClientAppActor pid=92746)[0m         
[36m(ClientAppActor pid=92743)[0m 
[36m(ClientAppActor pid=92743)[0m         
[36m(ClientAppActor pid=92722)[0m 
[36m(ClientAppActor pid=92722)[0m         
[36m(ClientAppActor pid=92744)[0m 
[36m(ClientAppActor pid=92744)[0m         
[36m(ClientAppActor pid=92741)[0m 
[36m(ClientAppActor pid=92741)[0m         
[36m(ClientAppActor pid=92741)[0m [93mWARNING [0m:   DEPRECATED FEATURE: `client_fn` now expects a signature `def client_fn(context: Context)`.The provided `client_fn` has signature: {'cid': <Parameter "cid: str">}. You can import the `Context` like this: `from flwr.common import Context`[32m [repeated 20x across cluster][0m
[36m(ClientAppActor pid=92741)[0m             This is a deprecated feature. It will be removed[32m [repeated 20x across cluster][0m
[36m(ClientAppActor pid=92741)[0m             entirely in future versions of Flower.[32m [repeated 20x across cluster][0m
[36m(ClientAppActor pid=92745)[0m 
[36m(ClientAppActor pid=92745)[0m         
[36m(ClientAppActor pid=92742)[0m 
[36m(ClientAppActor pid=92742)[0m         
[36m(ClientAppActor pid=92739)[0m 
[36m(ClientAppActor pid=92739)[0m         
[36m(ClientAppActor pid=92743)[0m 
[36m(ClientAppActor pid=92743)[0m         
[36m(ClientAppActor pid=92745)[0m 
[36m(ClientAppActor pid=92745)[0m         
[36m(ClientAppActor pid=92744)[0m 
[36m(ClientAppActor pid=92744)[0m         
[36m(ClientAppActor pid=92722)[0m 
[36m(ClientAppActor pid=92722)[0m         
[36m(ClientAppActor pid=92746)[0m 
[36m(ClientAppActor pid=92746)[0m         
[36m(ClientAppActor pid=92741)[0m 
[36m(ClientAppActor pid=92741)[0m         
[36m(ClientAppActor pid=92743)[0m 
[36m(ClientAppActor pid=92743)[0m         
[36m(ClientAppActor pid=92742)[0m 
[36m(ClientAppActor pid=92742)[0m         
[36m(ClientAppActor pid=92739)[0m 
[36m(ClientAppActor pid=92739)[0m         
[92mINFO [0m:      aggregate_fit: received 100 results and 0 failures
[93mWARNING [0m:   No fit_metrics_aggregation_fn provided
[92mINFO [0m:      fit progress: (1, 2.3072768502933965, {'accuracy': 0.1029}, 39.17133069783449)
[92mINFO [0m:      configure_evaluate: no clients selected, skipping evaluation
[92mINFO [0m:      
[92mINFO [0m:      [ROUND 2]
[92mINFO [0m:      configure_fit: strategy sampled 100 clients (out of 100)
[36m(ClientAppActor pid=92741)[0m 
[36m(ClientAppActor pid=92741)[0m         
[36m(ClientAppActor pid=92741)[0m [93mWARNING [0m:   DEPRECATED FEATURE: `client_fn` now expects a signature `def client_fn(context: Context)`.The provided `client_fn` has signature: {'cid': <Parameter "cid: str">}. You can import the `Context` like this: `from flwr.common import Context`[32m [repeated 13x across cluster][0m
[36m(ClientAppActor pid=92741)[0m             This is a deprecated feature. It will be removed[32m [repeated 13x across cluster][0m
[36m(ClientAppActor pid=92741)[0m             entirely in future versions of Flower.[32m [repeated 13x across cluster][0m
[36m(ClientAppActor pid=92722)[0m 
[36m(ClientAppActor pid=92722)[0m         
[36m(ClientAppActor pid=92746)[0m 
[36m(ClientAppActor pid=92746)[0m         
[36m(ClientAppActor pid=92742)[0m 
[36m(ClientAppActor pid=92742)[0m         
[36m(ClientAppActor pid=92743)[0m 
[36m(ClientAppActor pid=92743)[0m         
[36m(ClientAppActor pid=92745)[0m 
[36m(ClientAppActor pid=92745)[0m         
[36m(ClientAppActor pid=92739)[0m 
[36m(ClientAppActor pid=92739)[0m         
[36m(ClientAppActor pid=92744)[0m 
[36m(ClientAppActor pid=92744)[0m         
[36m(ClientAppActor pid=92744)[0m 
[36m(ClientAppActor pid=92744)[0m         
[36m(ClientAppActor pid=92745)[0m 
[36m(ClientAppActor pid=92745)[0m         
[36m(ClientAppActor pid=92741)[0m 
[36m(ClientAppActor pid=92741)[0m         
[36m(ClientAppActor pid=92743)[0m 
[36m(ClientAppActor pid=92743)[0m         
[36m(ClientAppActor pid=92739)[0m 
[36m(ClientAppActor pid=92739)[0m         
[36m(ClientAppActor pid=92746)[0m 
[36m(ClientAppActor pid=92746)[0m         
[36m(ClientAppActor pid=92742)[0m 
[36m(ClientAppActor pid=92742)[0m         
[36m(ClientAppActor pid=92722)[0m 
[36m(ClientAppActor pid=92722)[0m         
[36m(ClientAppActor pid=92743)[0m 
[36m(ClientAppActor pid=92743)[0m         
[36m(ClientAppActor pid=92722)[0m 
[36m(ClientAppActor pid=92722)[0m         
[36m(ClientAppActor pid=92745)[0m 
[36m(ClientAppActor pid=92745)[0m         
[36m(ClientAppActor pid=92741)[0m 
[36m(ClientAppActor pid=92741)[0m         
[36m(ClientAppActor pid=92739)[0m 
[36m(ClientAppActor pid=92739)[0m         
[36m(ClientAppActor pid=92744)[0m 
[36m(ClientAppActor pid=92744)[0m         
[36m(ClientAppActor pid=92746)[0m 
[36m(ClientAppActor pid=92746)[0m         
[36m(ClientAppActor pid=92743)[0m 
[36m(ClientAppActor pid=92743)[0m         
[36m(ClientAppActor pid=92743)[0m [93mWARNING [0m:   DEPRECATED FEATURE: `client_fn` now expects a signature `def client_fn(context: Context)`.The provided `client_fn` has signature: {'cid': <Parameter "cid: str">}. You can import the `Context` like this: `from flwr.common import Context`[32m [repeated 23x across cluster][0m
[36m(ClientAppActor pid=92743)[0m             This is a deprecated feature. It will be removed[32m [repeated 23x across cluster][0m
[36m(ClientAppActor pid=92743)[0m             entirely in future versions of Flower.[32m [repeated 23x across cluster][0m
[36m(ClientAppActor pid=92745)[0m 
[36m(ClientAppActor pid=92745)[0m         
[36m(ClientAppActor pid=92744)[0m 
[36m(ClientAppActor pid=92744)[0m         
[36m(ClientAppActor pid=92746)[0m 
[36m(ClientAppActor pid=92746)[0m         
[36m(ClientAppActor pid=92739)[0m 
[36m(ClientAppActor pid=92739)[0m         
[36m(ClientAppActor pid=92741)[0m 
[36m(ClientAppActor pid=92741)[0m         
[36m(ClientAppActor pid=92722)[0m 
[36m(ClientAppActor pid=92722)[0m         
[36m(ClientAppActor pid=92743)[0m 
[36m(ClientAppActor pid=92743)[0m         
[36m(ClientAppActor pid=92742)[0m 
[36m(ClientAppActor pid=92742)[0m         
[36m(ClientAppActor pid=92745)[0m 
[36m(ClientAppActor pid=92745)[0m         
[36m(ClientAppActor pid=92744)[0m 
[36m(ClientAppActor pid=92744)[0m         
[36m(ClientAppActor pid=92746)[0m 
[36m(ClientAppActor pid=92746)[0m         
[36m(ClientAppActor pid=92743)[0m 
[36m(ClientAppActor pid=92743)[0m         
[36m(ClientAppActor pid=92745)[0m 
[36m(ClientAppActor pid=92745)[0m         
[36m(ClientAppActor pid=92739)[0m 
[36m(ClientAppActor pid=92739)[0m         
[36m(ClientAppActor pid=92742)[0m 
[36m(ClientAppActor pid=92742)[0m         
[36m(ClientAppActor pid=92722)[0m 
[36m(ClientAppActor pid=92722)[0m         
[36m(ClientAppActor pid=92744)[0m 
[36m(ClientAppActor pid=92744)[0m         
[36m(ClientAppActor pid=92741)[0m 
[36m(ClientAppActor pid=92741)[0m         
[36m(ClientAppActor pid=92739)[0m 
[36m(ClientAppActor pid=92739)[0m         
[36m(ClientAppActor pid=92742)[0m 
[36m(ClientAppActor pid=92742)[0m         
[36m(ClientAppActor pid=92741)[0m 
[36m(ClientAppActor pid=92741)[0m         
[36m(ClientAppActor pid=92741)[0m [93mWARNING [0m:   DEPRECATED FEATURE: `client_fn` now expects a signature `def client_fn(context: Context)`.The provided `client_fn` has signature: {'cid': <Parameter "cid: str">}. You can import the `Context` like this: `from flwr.common import Context`[32m [repeated 21x across cluster][0m
[36m(ClientAppActor pid=92741)[0m             This is a deprecated feature. It will be removed[32m [repeated 21x across cluster][0m
[36m(ClientAppActor pid=92741)[0m             entirely in future versions of Flower.[32m [repeated 21x across cluster][0m
[36m(ClientAppActor pid=92722)[0m 
[36m(ClientAppActor pid=92722)[0m         
[36m(ClientAppActor pid=92743)[0m 
[36m(ClientAppActor pid=92743)[0m         
[36m(ClientAppActor pid=92746)[0m 
[36m(ClientAppActor pid=92746)[0m         
[36m(ClientAppActor pid=92744)[0m 
[36m(ClientAppActor pid=92744)[0m         
[36m(ClientAppActor pid=92745)[0m 
[36m(ClientAppActor pid=92745)[0m         
[36m(ClientAppActor pid=92722)[0m 
[36m(ClientAppActor pid=92722)[0m         
[36m(ClientAppActor pid=92743)[0m 
[36m(ClientAppActor pid=92743)[0m         
[36m(ClientAppActor pid=92741)[0m 
[36m(ClientAppActor pid=92741)[0m         
[36m(ClientAppActor pid=92742)[0m 
[36m(ClientAppActor pid=92742)[0m         
[36m(ClientAppActor pid=92743)[0m 
[36m(ClientAppActor pid=92743)[0m         
[36m(ClientAppActor pid=92744)[0m 
[36m(ClientAppActor pid=92744)[0m         
[36m(ClientAppActor pid=92745)[0m 
[36m(ClientAppActor pid=92745)[0m         
[36m(ClientAppActor pid=92722)[0m 
[36m(ClientAppActor pid=92722)[0m         
[36m(ClientAppActor pid=92739)[0m 
[36m(ClientAppActor pid=92739)[0m         
[36m(ClientAppActor pid=92746)[0m 
[36m(ClientAppActor pid=92746)[0m         
[36m(ClientAppActor pid=92742)[0m 
[36m(ClientAppActor pid=92742)[0m         
[36m(ClientAppActor pid=92743)[0m 
[36m(ClientAppActor pid=92743)[0m         
[36m(ClientAppActor pid=92741)[0m 
[36m(ClientAppActor pid=92741)[0m         
[36m(ClientAppActor pid=92744)[0m 
[36m(ClientAppActor pid=92744)[0m         
[36m(ClientAppActor pid=92742)[0m 
[36m(ClientAppActor pid=92742)[0m         
[36m(ClientAppActor pid=92722)[0m 
[36m(ClientAppActor pid=92722)[0m         
[36m(ClientAppActor pid=92722)[0m [93mWARNING [0m:   DEPRECATED FEATURE: `client_fn` now expects a signature `def client_fn(context: Context)`.The provided `client_fn` has signature: {'cid': <Parameter "cid: str">}. You can import the `Context` like this: `from flwr.common import Context`[32m [repeated 21x across cluster][0m
[36m(ClientAppActor pid=92722)[0m             This is a deprecated feature. It will be removed[32m [repeated 21x across cluster][0m
[36m(ClientAppActor pid=92722)[0m             entirely in future versions of Flower.[32m [repeated 21x across cluster][0m
[36m(ClientAppActor pid=92746)[0m 
[36m(ClientAppActor pid=92746)[0m         
[36m(ClientAppActor pid=92743)[0m 
[36m(ClientAppActor pid=92743)[0m         
[36m(ClientAppActor pid=92745)[0m 
[36m(ClientAppActor pid=92745)[0m         
[36m(ClientAppActor pid=92739)[0m 
[36m(ClientAppActor pid=92739)[0m         
[36m(ClientAppActor pid=92744)[0m 
[36m(ClientAppActor pid=92744)[0m         
[36m(ClientAppActor pid=92722)[0m 
[36m(ClientAppActor pid=92722)[0m         
[36m(ClientAppActor pid=92743)[0m 
[36m(ClientAppActor pid=92743)[0m         
[36m(ClientAppActor pid=92745)[0m 
[36m(ClientAppActor pid=92745)[0m         
[36m(ClientAppActor pid=92746)[0m 
[36m(ClientAppActor pid=92746)[0m         
[36m(ClientAppActor pid=92741)[0m 
[36m(ClientAppActor pid=92741)[0m         
[36m(ClientAppActor pid=92739)[0m 
[36m(ClientAppActor pid=92739)[0m         
[36m(ClientAppActor pid=92742)[0m 
[36m(ClientAppActor pid=92742)[0m         
[36m(ClientAppActor pid=92722)[0m 
[36m(ClientAppActor pid=92722)[0m         
[36m(ClientAppActor pid=92744)[0m 
[36m(ClientAppActor pid=92744)[0m         
[36m(ClientAppActor pid=92746)[0m 
[36m(ClientAppActor pid=92746)[0m         
[36m(ClientAppActor pid=92741)[0m 
[36m(ClientAppActor pid=92741)[0m         
[36m(ClientAppActor pid=92739)[0m 
[36m(ClientAppActor pid=92739)[0m         
[36m(ClientAppActor pid=92744)[0m 
[36m(ClientAppActor pid=92744)[0m         
[36m(ClientAppActor pid=92745)[0m 
[36m(ClientAppActor pid=92745)[0m         
[36m(ClientAppActor pid=92742)[0m 
[36m(ClientAppActor pid=92742)[0m         
[36m(ClientAppActor pid=92743)[0m 
[36m(ClientAppActor pid=92743)[0m         
[36m(ClientAppActor pid=92722)[0m 
[36m(ClientAppActor pid=92722)[0m         
[36m(ClientAppActor pid=92722)[0m [93mWARNING [0m:   DEPRECATED FEATURE: `client_fn` now expects a signature `def client_fn(context: Context)`.The provided `client_fn` has signature: {'cid': <Parameter "cid: str">}. You can import the `Context` like this: `from flwr.common import Context`[32m [repeated 22x across cluster][0m
[36m(ClientAppActor pid=92722)[0m             This is a deprecated feature. It will be removed[32m [repeated 22x across cluster][0m
[36m(ClientAppActor pid=92722)[0m             entirely in future versions of Flower.[32m [repeated 22x across cluster][0m
[36m(ClientAppActor pid=92745)[0m 
[36m(ClientAppActor pid=92745)[0m         
[36m(ClientAppActor pid=92739)[0m 
[36m(ClientAppActor pid=92739)[0m         
[36m(ClientAppActor pid=92741)[0m 
[36m(ClientAppActor pid=92741)[0m         
[36m(ClientAppActor pid=92742)[0m 
[36m(ClientAppActor pid=92742)[0m         
[36m(ClientAppActor pid=92743)[0m 
[36m(ClientAppActor pid=92743)[0m         
[36m(ClientAppActor pid=92744)[0m 
[36m(ClientAppActor pid=92744)[0m         
[36m(ClientAppActor pid=92722)[0m 
[36m(ClientAppActor pid=92722)[0m         
[36m(ClientAppActor pid=92745)[0m 
[36m(ClientAppActor pid=92745)[0m         
[36m(ClientAppActor pid=92746)[0m 
[36m(ClientAppActor pid=92746)[0m         
[36m(ClientAppActor pid=92741)[0m 
[36m(ClientAppActor pid=92741)[0m         
[36m(ClientAppActor pid=92743)[0m 
[36m(ClientAppActor pid=92743)[0m         
[36m(ClientAppActor pid=92739)[0m 
[36m(ClientAppActor pid=92739)[0m         
[92mINFO [0m:      aggregate_fit: received 100 results and 0 failures
[92mINFO [0m:      fit progress: (2, 2.303862635497075, {'accuracy': 0.1153}, 69.01855999883264)
[92mINFO [0m:      configure_evaluate: no clients selected, skipping evaluation
[92mINFO [0m:      
[92mINFO [0m:      [ROUND 3]
[92mINFO [0m:      configure_fit: strategy sampled 100 clients (out of 100)
[36m(ClientAppActor pid=92741)[0m 
[36m(ClientAppActor pid=92741)[0m         
[36m(ClientAppActor pid=92741)[0m [93mWARNING [0m:   DEPRECATED FEATURE: `client_fn` now expects a signature `def client_fn(context: Context)`.The provided `client_fn` has signature: {'cid': <Parameter "cid: str">}. You can import the `Context` like this: `from flwr.common import Context`[32m [repeated 13x across cluster][0m
[36m(ClientAppActor pid=92741)[0m             This is a deprecated feature. It will be removed[32m [repeated 13x across cluster][0m
[36m(ClientAppActor pid=92741)[0m             entirely in future versions of Flower.[32m [repeated 13x across cluster][0m
[36m(ClientAppActor pid=92746)[0m 
[36m(ClientAppActor pid=92746)[0m         
[36m(ClientAppActor pid=92745)[0m 
[36m(ClientAppActor pid=92745)[0m         
[36m(ClientAppActor pid=92722)[0m 
[36m(ClientAppActor pid=92722)[0m         
[36m(ClientAppActor pid=92742)[0m 
[36m(ClientAppActor pid=92742)[0m         
[36m(ClientAppActor pid=92743)[0m 
[36m(ClientAppActor pid=92743)[0m         
[36m(ClientAppActor pid=92744)[0m 
[36m(ClientAppActor pid=92744)[0m         
[36m(ClientAppActor pid=92739)[0m 
[36m(ClientAppActor pid=92739)[0m         
[36m(ClientAppActor pid=92746)[0m 
[36m(ClientAppActor pid=92746)[0m         
[36m(ClientAppActor pid=92722)[0m 
[36m(ClientAppActor pid=92722)[0m         
[36m(ClientAppActor pid=92739)[0m 
[36m(ClientAppActor pid=92739)[0m         
[36m(ClientAppActor pid=92742)[0m 
[36m(ClientAppActor pid=92742)[0m         
[36m(ClientAppActor pid=92741)[0m 
[36m(ClientAppActor pid=92741)[0m         
[36m(ClientAppActor pid=92745)[0m 
[36m(ClientAppActor pid=92745)[0m         
[36m(ClientAppActor pid=92743)[0m 
[36m(ClientAppActor pid=92743)[0m         
[36m(ClientAppActor pid=92744)[0m 
[36m(ClientAppActor pid=92744)[0m         
[36m(ClientAppActor pid=92741)[0m 
[36m(ClientAppActor pid=92741)[0m         
[36m(ClientAppActor pid=92739)[0m 
[36m(ClientAppActor pid=92739)[0m         
[36m(ClientAppActor pid=92722)[0m 
[36m(ClientAppActor pid=92722)[0m         
[36m(ClientAppActor pid=92742)[0m 
[36m(ClientAppActor pid=92742)[0m         
[36m(ClientAppActor pid=92743)[0m 
[36m(ClientAppActor pid=92743)[0m         
[36m(ClientAppActor pid=92744)[0m 
[36m(ClientAppActor pid=92744)[0m         
[36m(ClientAppActor pid=92746)[0m 
[36m(ClientAppActor pid=92746)[0m         
[36m(ClientAppActor pid=92745)[0m 
[36m(ClientAppActor pid=92745)[0m         
[36m(ClientAppActor pid=92741)[0m 
[36m(ClientAppActor pid=92741)[0m         
[36m(ClientAppActor pid=92741)[0m [93mWARNING [0m:   DEPRECATED FEATURE: `client_fn` now expects a signature `def client_fn(context: Context)`.The provided `client_fn` has signature: {'cid': <Parameter "cid: str">}. You can import the `Context` like this: `from flwr.common import Context`[32m [repeated 24x across cluster][0m
[36m(ClientAppActor pid=92741)[0m             This is a deprecated feature. It will be removed[32m [repeated 24x across cluster][0m
[36m(ClientAppActor pid=92741)[0m             entirely in future versions of Flower.[32m [repeated 24x across cluster][0m
[36m(ClientAppActor pid=92742)[0m 
[36m(ClientAppActor pid=92742)[0m         
[36m(ClientAppActor pid=92743)[0m 
[36m(ClientAppActor pid=92743)[0m         
[36m(ClientAppActor pid=92739)[0m 
[36m(ClientAppActor pid=92739)[0m         
[36m(ClientAppActor pid=92746)[0m 
[36m(ClientAppActor pid=92746)[0m         
[36m(ClientAppActor pid=92744)[0m 
[36m(ClientAppActor pid=92744)[0m         
[36m(ClientAppActor pid=92745)[0m 
[36m(ClientAppActor pid=92745)[0m         
[36m(ClientAppActor pid=92743)[0m 
[36m(ClientAppActor pid=92743)[0m         
[36m(ClientAppActor pid=92739)[0m 
[36m(ClientAppActor pid=92739)[0m         
[36m(ClientAppActor pid=92741)[0m 
[36m(ClientAppActor pid=92741)[0m         
[36m(ClientAppActor pid=92722)[0m 
[36m(ClientAppActor pid=92722)[0m         
[36m(ClientAppActor pid=92742)[0m 
[36m(ClientAppActor pid=92742)[0m         
[36m(ClientAppActor pid=92744)[0m 
[36m(ClientAppActor pid=92744)[0m         
[36m(ClientAppActor pid=92745)[0m 
[36m(ClientAppActor pid=92745)[0m         
[36m(ClientAppActor pid=92722)[0m 
[36m(ClientAppActor pid=92722)[0m         
[36m(ClientAppActor pid=92739)[0m 
[36m(ClientAppActor pid=92739)[0m         
[36m(ClientAppActor pid=92741)[0m 
[36m(ClientAppActor pid=92741)[0m         
[36m(ClientAppActor pid=92744)[0m 
[36m(ClientAppActor pid=92744)[0m         
[36m(ClientAppActor pid=92722)[0m 
[36m(ClientAppActor pid=92722)[0m         
[36m(ClientAppActor pid=92742)[0m 
[36m(ClientAppActor pid=92742)[0m         
[36m(ClientAppActor pid=92745)[0m 
[36m(ClientAppActor pid=92745)[0m         
[36m(ClientAppActor pid=92739)[0m 
[36m(ClientAppActor pid=92739)[0m         
[36m(ClientAppActor pid=92739)[0m [93mWARNING [0m:   DEPRECATED FEATURE: `client_fn` now expects a signature `def client_fn(context: Context)`.The provided `client_fn` has signature: {'cid': <Parameter "cid: str">}. You can import the `Context` like this: `from flwr.common import Context`[32m [repeated 21x across cluster][0m
[36m(ClientAppActor pid=92739)[0m             This is a deprecated feature. It will be removed[32m [repeated 21x across cluster][0m
[36m(ClientAppActor pid=92739)[0m             entirely in future versions of Flower.[32m [repeated 21x across cluster][0m
[36m(ClientAppActor pid=92746)[0m 
[36m(ClientAppActor pid=92746)[0m         
[36m(ClientAppActor pid=92745)[0m 
[36m(ClientAppActor pid=92745)[0m         
[36m(ClientAppActor pid=92742)[0m 
[36m(ClientAppActor pid=92742)[0m         
[36m(ClientAppActor pid=92743)[0m 
[36m(ClientAppActor pid=92743)[0m         
[36m(ClientAppActor pid=92741)[0m 
[36m(ClientAppActor pid=92741)[0m         
[36m(ClientAppActor pid=92722)[0m 
[36m(ClientAppActor pid=92722)[0m         
[36m(ClientAppActor pid=92744)[0m 
[36m(ClientAppActor pid=92744)[0m         
[36m(ClientAppActor pid=92741)[0m 
[36m(ClientAppActor pid=92741)[0m         
[36m(ClientAppActor pid=92745)[0m 
[36m(ClientAppActor pid=92745)[0m         
[36m(ClientAppActor pid=92739)[0m 
[36m(ClientAppActor pid=92739)[0m         
[36m(ClientAppActor pid=92742)[0m 
[36m(ClientAppActor pid=92742)[0m         
[36m(ClientAppActor pid=92746)[0m 
[36m(ClientAppActor pid=92746)[0m         
[36m(ClientAppActor pid=92741)[0m 
[36m(ClientAppActor pid=92741)[0m         
[36m(ClientAppActor pid=92722)[0m 
[36m(ClientAppActor pid=92722)[0m         
[36m(ClientAppActor pid=92743)[0m 
[36m(ClientAppActor pid=92743)[0m         
[36m(ClientAppActor pid=92739)[0m 
[36m(ClientAppActor pid=92739)[0m         
[36m(ClientAppActor pid=92744)[0m 
[36m(ClientAppActor pid=92744)[0m         
[36m(ClientAppActor pid=92744)[0m [93mWARNING [0m:   DEPRECATED FEATURE: `client_fn` now expects a signature `def client_fn(context: Context)`.The provided `client_fn` has signature: {'cid': <Parameter "cid: str">}. You can import the `Context` like this: `from flwr.common import Context`[32m [repeated 17x across cluster][0m
[36m(ClientAppActor pid=92744)[0m             This is a deprecated feature. It will be removed[32m [repeated 17x across cluster][0m
[36m(ClientAppActor pid=92744)[0m             entirely in future versions of Flower.[32m [repeated 17x across cluster][0m
[36m(ClientAppActor pid=92745)[0m 
[36m(ClientAppActor pid=92745)[0m         
[36m(ClientAppActor pid=92742)[0m 
[36m(ClientAppActor pid=92742)[0m         
[36m(ClientAppActor pid=92741)[0m 
[36m(ClientAppActor pid=92741)[0m         
[36m(ClientAppActor pid=92743)[0m 
[36m(ClientAppActor pid=92743)[0m         
[36m(ClientAppActor pid=92746)[0m 
[36m(ClientAppActor pid=92746)[0m         
[36m(ClientAppActor pid=92722)[0m 
[36m(ClientAppActor pid=92722)[0m         
[36m(ClientAppActor pid=92739)[0m 
[36m(ClientAppActor pid=92739)[0m         
[36m(ClientAppActor pid=92744)[0m 
[36m(ClientAppActor pid=92744)[0m         
[36m(ClientAppActor pid=92745)[0m 
[36m(ClientAppActor pid=92745)[0m         
[36m(ClientAppActor pid=92742)[0m 
[36m(ClientAppActor pid=92742)[0m         
[36m(ClientAppActor pid=92722)[0m 
[36m(ClientAppActor pid=92722)[0m         
[36m(ClientAppActor pid=92743)[0m 
[36m(ClientAppActor pid=92743)[0m         
[36m(ClientAppActor pid=92741)[0m 
[36m(ClientAppActor pid=92741)[0m         
[36m(ClientAppActor pid=92746)[0m 
[36m(ClientAppActor pid=92746)[0m         
[36m(ClientAppActor pid=92742)[0m 
[36m(ClientAppActor pid=92742)[0m         
[36m(ClientAppActor pid=92722)[0m 
[36m(ClientAppActor pid=92722)[0m         
[36m(ClientAppActor pid=92745)[0m 
[36m(ClientAppActor pid=92745)[0m         
[36m(ClientAppActor pid=92739)[0m 
[36m(ClientAppActor pid=92739)[0m         
[36m(ClientAppActor pid=92741)[0m 
[36m(ClientAppActor pid=92741)[0m         
[36m(ClientAppActor pid=92743)[0m 
[36m(ClientAppActor pid=92743)[0m         
[36m(ClientAppActor pid=92746)[0m 
[36m(ClientAppActor pid=92746)[0m         
[36m(ClientAppActor pid=92742)[0m 
[36m(ClientAppActor pid=92742)[0m         
[36m(ClientAppActor pid=92742)[0m [93mWARNING [0m:   DEPRECATED FEATURE: `client_fn` now expects a signature `def client_fn(context: Context)`.The provided `client_fn` has signature: {'cid': <Parameter "cid: str">}. You can import the `Context` like this: `from flwr.common import Context`[32m [repeated 22x across cluster][0m
[36m(ClientAppActor pid=92742)[0m             This is a deprecated feature. It will be removed[32m [repeated 22x across cluster][0m
[36m(ClientAppActor pid=92742)[0m             entirely in future versions of Flower.[32m [repeated 22x across cluster][0m
[36m(ClientAppActor pid=92745)[0m 
[36m(ClientAppActor pid=92745)[0m         
[36m(ClientAppActor pid=92739)[0m 
[36m(ClientAppActor pid=92739)[0m         
[36m(ClientAppActor pid=92744)[0m 
[36m(ClientAppActor pid=92744)[0m         
[36m(ClientAppActor pid=92741)[0m 
[36m(ClientAppActor pid=92741)[0m         
[36m(ClientAppActor pid=92743)[0m 
[36m(ClientAppActor pid=92743)[0m         
[36m(ClientAppActor pid=92746)[0m 
[36m(ClientAppActor pid=92746)[0m         
[36m(ClientAppActor pid=92742)[0m 
[36m(ClientAppActor pid=92742)[0m         
[36m(ClientAppActor pid=92722)[0m 
[36m(ClientAppActor pid=92722)[0m         
[36m(ClientAppActor pid=92739)[0m 
[36m(ClientAppActor pid=92739)[0m         
[36m(ClientAppActor pid=92741)[0m 
[36m(ClientAppActor pid=92741)[0m         
[36m(ClientAppActor pid=92743)[0m 
[36m(ClientAppActor pid=92743)[0m         
[36m(ClientAppActor pid=92746)[0m 
[36m(ClientAppActor pid=92746)[0m         
[36m(ClientAppActor pid=92745)[0m 
[36m(ClientAppActor pid=92745)[0m         
[36m(ClientAppActor pid=92742)[0m 
[36m(ClientAppActor pid=92742)[0m         
[36m(ClientAppActor pid=92739)[0m 
[36m(ClientAppActor pid=92739)[0m         
[92mINFO [0m:      aggregate_fit: received 100 results and 0 failures
[92mINFO [0m:      fit progress: (3, 2.2854085484887383, {'accuracy': 0.1108}, 100.62311163172126)
[92mINFO [0m:      configure_evaluate: no clients selected, skipping evaluation
[92mINFO [0m:      
[92mINFO [0m:      [ROUND 4]
[92mINFO [0m:      configure_fit: strategy sampled 100 clients (out of 100)
[36m(ClientAppActor pid=92741)[0m 
[36m(ClientAppActor pid=92741)[0m         
[36m(ClientAppActor pid=92741)[0m [93mWARNING [0m:   DEPRECATED FEATURE: `client_fn` now expects a signature `def client_fn(context: Context)`.The provided `client_fn` has signature: {'cid': <Parameter "cid: str">}. You can import the `Context` like this: `from flwr.common import Context`[32m [repeated 16x across cluster][0m
[36m(ClientAppActor pid=92741)[0m             This is a deprecated feature. It will be removed[32m [repeated 16x across cluster][0m
[36m(ClientAppActor pid=92741)[0m             entirely in future versions of Flower.[32m [repeated 16x across cluster][0m
[36m(ClientAppActor pid=92722)[0m 
[36m(ClientAppActor pid=92722)[0m         
[36m(ClientAppActor pid=92746)[0m 
[36m(ClientAppActor pid=92746)[0m         
[36m(ClientAppActor pid=92742)[0m 
[36m(ClientAppActor pid=92742)[0m         
[36m(ClientAppActor pid=92743)[0m 
[36m(ClientAppActor pid=92743)[0m         
[36m(ClientAppActor pid=92744)[0m 
[36m(ClientAppActor pid=92744)[0m         
[36m(ClientAppActor pid=92745)[0m 
[36m(ClientAppActor pid=92745)[0m         
[36m(ClientAppActor pid=92739)[0m 
[36m(ClientAppActor pid=92739)[0m         
[36m(ClientAppActor pid=92722)[0m 
[36m(ClientAppActor pid=92722)[0m         
[36m(ClientAppActor pid=92743)[0m 
[36m(ClientAppActor pid=92743)[0m         
[36m(ClientAppActor pid=92741)[0m 
[36m(ClientAppActor pid=92741)[0m         
[36m(ClientAppActor pid=92742)[0m 
[36m(ClientAppActor pid=92742)[0m         
[36m(ClientAppActor pid=92746)[0m 
[36m(ClientAppActor pid=92746)[0m         
[36m(ClientAppActor pid=92745)[0m 
[36m(ClientAppActor pid=92745)[0m         
[36m(ClientAppActor pid=92743)[0m 
[36m(ClientAppActor pid=92743)[0m         
[36m(ClientAppActor pid=92744)[0m 
[36m(ClientAppActor pid=92744)[0m         
[36m(ClientAppActor pid=92739)[0m 
[36m(ClientAppActor pid=92739)[0m         
[36m(ClientAppActor pid=92741)[0m 
[36m(ClientAppActor pid=92741)[0m         
[36m(ClientAppActor pid=92722)[0m 
[36m(ClientAppActor pid=92722)[0m         
[36m(ClientAppActor pid=92742)[0m 
[36m(ClientAppActor pid=92742)[0m         
[36m(ClientAppActor pid=92745)[0m 
[36m(ClientAppActor pid=92745)[0m         
[36m(ClientAppActor pid=92743)[0m 
[36m(ClientAppActor pid=92743)[0m         
[36m(ClientAppActor pid=92722)[0m 
[36m(ClientAppActor pid=92722)[0m         
[36m(ClientAppActor pid=92746)[0m 
[36m(ClientAppActor pid=92746)[0m         
[36m(ClientAppActor pid=92744)[0m 
[36m(ClientAppActor pid=92744)[0m         
[36m(ClientAppActor pid=92741)[0m 
[36m(ClientAppActor pid=92741)[0m         
[36m(ClientAppActor pid=92741)[0m [93mWARNING [0m:   DEPRECATED FEATURE: `client_fn` now expects a signature `def client_fn(context: Context)`.The provided `client_fn` has signature: {'cid': <Parameter "cid: str">}. You can import the `Context` like this: `from flwr.common import Context`[32m [repeated 25x across cluster][0m
[36m(ClientAppActor pid=92741)[0m             This is a deprecated feature. It will be removed[32m [repeated 25x across cluster][0m
[36m(ClientAppActor pid=92741)[0m             entirely in future versions of Flower.[32m [repeated 25x across cluster][0m
[36m(ClientAppActor pid=92742)[0m 
[36m(ClientAppActor pid=92742)[0m         
[36m(ClientAppActor pid=92745)[0m 
[36m(ClientAppActor pid=92745)[0m         
[36m(ClientAppActor pid=92739)[0m 
[36m(ClientAppActor pid=92739)[0m         
[36m(ClientAppActor pid=92743)[0m 
[36m(ClientAppActor pid=92743)[0m         
[36m(ClientAppActor pid=92742)[0m 
[36m(ClientAppActor pid=92742)[0m         
[36m(ClientAppActor pid=92746)[0m 
[36m(ClientAppActor pid=92746)[0m         
[36m(ClientAppActor pid=92722)[0m 
[36m(ClientAppActor pid=92722)[0m         
[36m(ClientAppActor pid=92745)[0m 
[36m(ClientAppActor pid=92745)[0m         
[36m(ClientAppActor pid=92739)[0m 
[36m(ClientAppActor pid=92739)[0m         
[36m(ClientAppActor pid=92741)[0m 
[36m(ClientAppActor pid=92741)[0m         
[36m(ClientAppActor pid=92742)[0m 
[36m(ClientAppActor pid=92742)[0m         
[36m(ClientAppActor pid=92739)[0m 
[36m(ClientAppActor pid=92739)[0m         
[36m(ClientAppActor pid=92743)[0m 
[36m(ClientAppActor pid=92743)[0m         
[36m(ClientAppActor pid=92744)[0m 
[36m(ClientAppActor pid=92744)[0m         
[36m(ClientAppActor pid=92745)[0m 
[36m(ClientAppActor pid=92745)[0m         
[36m(ClientAppActor pid=92741)[0m 
[36m(ClientAppActor pid=92741)[0m         
[36m(ClientAppActor pid=92741)[0m [93mWARNING [0m:   DEPRECATED FEATURE: `client_fn` now expects a signature `def client_fn(context: Context)`.The provided `client_fn` has signature: {'cid': <Parameter "cid: str">}. You can import the `Context` like this: `from flwr.common import Context`[32m [repeated 16x across cluster][0m
[36m(ClientAppActor pid=92741)[0m             This is a deprecated feature. It will be removed[32m [repeated 16x across cluster][0m
[36m(ClientAppActor pid=92741)[0m             entirely in future versions of Flower.[32m [repeated 16x across cluster][0m
[36m(ClientAppActor pid=92743)[0m 
[36m(ClientAppActor pid=92743)[0m         
[36m(ClientAppActor pid=92722)[0m 
[36m(ClientAppActor pid=92722)[0m         
[36m(ClientAppActor pid=92742)[0m 
[36m(ClientAppActor pid=92742)[0m         
[36m(ClientAppActor pid=92746)[0m 
[36m(ClientAppActor pid=92746)[0m         
[36m(ClientAppActor pid=92739)[0m 
[36m(ClientAppActor pid=92739)[0m         
[36m(ClientAppActor pid=92743)[0m 
[36m(ClientAppActor pid=92743)[0m         
[36m(ClientAppActor pid=92744)[0m 
[36m(ClientAppActor pid=92744)[0m         
[36m(ClientAppActor pid=92722)[0m 
[36m(ClientAppActor pid=92722)[0m         
[36m(ClientAppActor pid=92741)[0m 
[36m(ClientAppActor pid=92741)[0m         
[36m(ClientAppActor pid=92739)[0m 
[36m(ClientAppActor pid=92739)[0m         
[36m(ClientAppActor pid=92745)[0m 
[36m(ClientAppActor pid=92745)[0m         
[36m(ClientAppActor pid=92743)[0m 
[36m(ClientAppActor pid=92743)[0m         
[36m(ClientAppActor pid=92722)[0m 
[36m(ClientAppActor pid=92722)[0m         
[36m(ClientAppActor pid=92742)[0m 
[36m(ClientAppActor pid=92742)[0m         
[36m(ClientAppActor pid=92741)[0m 
[36m(ClientAppActor pid=92741)[0m         
[36m(ClientAppActor pid=92746)[0m 
[36m(ClientAppActor pid=92746)[0m         
[36m(ClientAppActor pid=92745)[0m 
[36m(ClientAppActor pid=92745)[0m         
[36m(ClientAppActor pid=92743)[0m 
[36m(ClientAppActor pid=92743)[0m         
[36m(ClientAppActor pid=92741)[0m 
[36m(ClientAppActor pid=92741)[0m         
[36m(ClientAppActor pid=92741)[0m [93mWARNING [0m:   DEPRECATED FEATURE: `client_fn` now expects a signature `def client_fn(context: Context)`.The provided `client_fn` has signature: {'cid': <Parameter "cid: str">}. You can import the `Context` like this: `from flwr.common import Context`[32m [repeated 19x across cluster][0m
[36m(ClientAppActor pid=92741)[0m             This is a deprecated feature. It will be removed[32m [repeated 19x across cluster][0m
[36m(ClientAppActor pid=92741)[0m             entirely in future versions of Flower.[32m [repeated 19x across cluster][0m
[36m(ClientAppActor pid=92722)[0m 
[36m(ClientAppActor pid=92722)[0m         
[36m(ClientAppActor pid=92742)[0m 
[36m(ClientAppActor pid=92742)[0m         
[36m(ClientAppActor pid=92741)[0m 
[36m(ClientAppActor pid=92741)[0m         
[36m(ClientAppActor pid=92746)[0m 
[36m(ClientAppActor pid=92746)[0m         
[36m(ClientAppActor pid=92739)[0m 
[36m(ClientAppActor pid=92739)[0m         
[36m(ClientAppActor pid=92743)[0m 
[36m(ClientAppActor pid=92743)[0m         
[36m(ClientAppActor pid=92741)[0m 
[36m(ClientAppActor pid=92741)[0m         
[36m(ClientAppActor pid=92745)[0m 
[36m(ClientAppActor pid=92745)[0m         
[36m(ClientAppActor pid=92722)[0m 
[36m(ClientAppActor pid=92722)[0m         
[36m(ClientAppActor pid=92744)[0m 
[36m(ClientAppActor pid=92744)[0m         
[36m(ClientAppActor pid=92742)[0m 
[36m(ClientAppActor pid=92742)[0m         
[36m(ClientAppActor pid=92739)[0m 
[36m(ClientAppActor pid=92739)[0m         
[36m(ClientAppActor pid=92741)[0m 
[36m(ClientAppActor pid=92741)[0m         
[36m(ClientAppActor pid=92743)[0m 
[36m(ClientAppActor pid=92743)[0m         
[36m(ClientAppActor pid=92746)[0m 
[36m(ClientAppActor pid=92746)[0m         
[36m(ClientAppActor pid=92745)[0m 
[36m(ClientAppActor pid=92745)[0m         
[36m(ClientAppActor pid=92744)[0m 
[36m(ClientAppActor pid=92744)[0m         
[36m(ClientAppActor pid=92722)[0m 
[36m(ClientAppActor pid=92722)[0m         
[36m(ClientAppActor pid=92722)[0m [93mWARNING [0m:   DEPRECATED FEATURE: `client_fn` now expects a signature `def client_fn(context: Context)`.The provided `client_fn` has signature: {'cid': <Parameter "cid: str">}. You can import the `Context` like this: `from flwr.common import Context`[32m [repeated 18x across cluster][0m
[36m(ClientAppActor pid=92722)[0m             This is a deprecated feature. It will be removed[32m [repeated 18x across cluster][0m
[36m(ClientAppActor pid=92722)[0m             entirely in future versions of Flower.[32m [repeated 18x across cluster][0m
[36m(ClientAppActor pid=92742)[0m 
[36m(ClientAppActor pid=92742)[0m         
[36m(ClientAppActor pid=92743)[0m 
[36m(ClientAppActor pid=92743)[0m         
[36m(ClientAppActor pid=92739)[0m 
[36m(ClientAppActor pid=92739)[0m         
[36m(ClientAppActor pid=92741)[0m 
[36m(ClientAppActor pid=92741)[0m         
[36m(ClientAppActor pid=92743)[0m 
[36m(ClientAppActor pid=92743)[0m         
[36m(ClientAppActor pid=92746)[0m 
[36m(ClientAppActor pid=92746)[0m         
[36m(ClientAppActor pid=92742)[0m 
[36m(ClientAppActor pid=92742)[0m         
[36m(ClientAppActor pid=92722)[0m 
[36m(ClientAppActor pid=92722)[0m         
[36m(ClientAppActor pid=92741)[0m 
[36m(ClientAppActor pid=92741)[0m         
[36m(ClientAppActor pid=92739)[0m 
[36m(ClientAppActor pid=92739)[0m         
[36m(ClientAppActor pid=92745)[0m 
[36m(ClientAppActor pid=92745)[0m         
[36m(ClientAppActor pid=92744)[0m 
[36m(ClientAppActor pid=92744)[0m         
[36m(ClientAppActor pid=92746)[0m 
[36m(ClientAppActor pid=92746)[0m         
[36m(ClientAppActor pid=92741)[0m 
[36m(ClientAppActor pid=92741)[0m         
[36m(ClientAppActor pid=92722)[0m 
[36m(ClientAppActor pid=92722)[0m         
[36m(ClientAppActor pid=92743)[0m 
[36m(ClientAppActor pid=92743)[0m         
[36m(ClientAppActor pid=92742)[0m 
[36m(ClientAppActor pid=92742)[0m         
[36m(ClientAppActor pid=92739)[0m 
[36m(ClientAppActor pid=92739)[0m         
[36m(ClientAppActor pid=92745)[0m 
[36m(ClientAppActor pid=92745)[0m         
[36m(ClientAppActor pid=92746)[0m 
[36m(ClientAppActor pid=92746)[0m         
[36m(ClientAppActor pid=92746)[0m [93mWARNING [0m:   DEPRECATED FEATURE: `client_fn` now expects a signature `def client_fn(context: Context)`.The provided `client_fn` has signature: {'cid': <Parameter "cid: str">}. You can import the `Context` like this: `from flwr.common import Context`[32m [repeated 20x across cluster][0m
[36m(ClientAppActor pid=92746)[0m             This is a deprecated feature. It will be removed[32m [repeated 20x across cluster][0m
[36m(ClientAppActor pid=92746)[0m             entirely in future versions of Flower.[32m [repeated 20x across cluster][0m
[36m(ClientAppActor pid=92742)[0m 
[36m(ClientAppActor pid=92742)[0m         
[92mINFO [0m:      aggregate_fit: received 100 results and 0 failures
[92mINFO [0m:      fit progress: (4, 2.25597957289143, {'accuracy': 0.1366}, 133.1588266240433)
[92mINFO [0m:      configure_evaluate: no clients selected, skipping evaluation
[92mINFO [0m:      
[92mINFO [0m:      [ROUND 5]
[92mINFO [0m:      configure_fit: strategy sampled 100 clients (out of 100)
[36m(ClientAppActor pid=92741)[0m 
[36m(ClientAppActor pid=92741)[0m         
[36m(ClientAppActor pid=92741)[0m [93mWARNING [0m:   DEPRECATED FEATURE: `client_fn` now expects a signature `def client_fn(context: Context)`.The provided `client_fn` has signature: {'cid': <Parameter "cid: str">}. You can import the `Context` like this: `from flwr.common import Context`[32m [repeated 2x across cluster][0m
[36m(ClientAppActor pid=92741)[0m             This is a deprecated feature. It will be removed[32m [repeated 2x across cluster][0m
[36m(ClientAppActor pid=92741)[0m             entirely in future versions of Flower.[32m [repeated 2x across cluster][0m
[36m(ClientAppActor pid=92722)[0m 
[36m(ClientAppActor pid=92722)[0m         
[36m(ClientAppActor pid=92746)[0m 
[36m(ClientAppActor pid=92746)[0m         
[36m(ClientAppActor pid=92742)[0m 
[36m(ClientAppActor pid=92742)[0m         
[36m(ClientAppActor pid=92743)[0m 
[36m(ClientAppActor pid=92743)[0m         
[36m(ClientAppActor pid=92744)[0m 
[36m(ClientAppActor pid=92744)[0m         
[36m(ClientAppActor pid=92745)[0m 
[36m(ClientAppActor pid=92745)[0m         
[36m(ClientAppActor pid=92739)[0m 
[36m(ClientAppActor pid=92739)[0m         
[36m(ClientAppActor pid=92741)[0m 
[36m(ClientAppActor pid=92741)[0m         
[36m(ClientAppActor pid=92742)[0m 
[36m(ClientAppActor pid=92742)[0m         
[36m(ClientAppActor pid=92743)[0m 
[36m(ClientAppActor pid=92743)[0m         
[36m(ClientAppActor pid=92739)[0m 
[36m(ClientAppActor pid=92739)[0m         
[36m(ClientAppActor pid=92746)[0m 
[36m(ClientAppActor pid=92746)[0m         
[36m(ClientAppActor pid=92744)[0m 
[36m(ClientAppActor pid=92744)[0m         
[36m(ClientAppActor pid=92742)[0m 
[36m(ClientAppActor pid=92742)[0m         
[36m(ClientAppActor pid=92745)[0m 
[36m(ClientAppActor pid=92745)[0m         
[36m(ClientAppActor pid=92741)[0m 
[36m(ClientAppActor pid=92741)[0m         
[36m(ClientAppActor pid=92722)[0m 
[36m(ClientAppActor pid=92722)[0m         
[36m(ClientAppActor pid=92743)[0m 
[36m(ClientAppActor pid=92743)[0m         
[36m(ClientAppActor pid=92739)[0m 
[36m(ClientAppActor pid=92739)[0m         
[36m(ClientAppActor pid=92746)[0m 
[36m(ClientAppActor pid=92746)[0m         
[36m(ClientAppActor pid=92722)[0m 
[36m(ClientAppActor pid=92722)[0m         
[36m(ClientAppActor pid=92741)[0m 
[36m(ClientAppActor pid=92741)[0m         
[36m(ClientAppActor pid=92741)[0m [93mWARNING [0m:   DEPRECATED FEATURE: `client_fn` now expects a signature `def client_fn(context: Context)`.The provided `client_fn` has signature: {'cid': <Parameter "cid: str">}. You can import the `Context` like this: `from flwr.common import Context`[32m [repeated 22x across cluster][0m
[36m(ClientAppActor pid=92741)[0m             This is a deprecated feature. It will be removed[32m [repeated 22x across cluster][0m
[36m(ClientAppActor pid=92741)[0m             entirely in future versions of Flower.[32m [repeated 22x across cluster][0m
[36m(ClientAppActor pid=92742)[0m 
[36m(ClientAppActor pid=92742)[0m         
[36m(ClientAppActor pid=92744)[0m 
[36m(ClientAppActor pid=92744)[0m         
[36m(ClientAppActor pid=92745)[0m 
[36m(ClientAppActor pid=92745)[0m         
[36m(ClientAppActor pid=92743)[0m 
[36m(ClientAppActor pid=92743)[0m         
[36m(ClientAppActor pid=92739)[0m 
[36m(ClientAppActor pid=92739)[0m         
[36m(ClientAppActor pid=92745)[0m 
[36m(ClientAppActor pid=92745)[0m         
[36m(ClientAppActor pid=92743)[0m 
[36m(ClientAppActor pid=92743)[0m         
[36m(ClientAppActor pid=92742)[0m 
[36m(ClientAppActor pid=92742)[0m         
[36m(ClientAppActor pid=92739)[0m 
[36m(ClientAppActor pid=92739)[0m         
[36m(ClientAppActor pid=92722)[0m 
[36m(ClientAppActor pid=92722)[0m         
[36m(ClientAppActor pid=92744)[0m 
[36m(ClientAppActor pid=92744)[0m         
[36m(ClientAppActor pid=92746)[0m 
[36m(ClientAppActor pid=92746)[0m         
[36m(ClientAppActor pid=92741)[0m 
[36m(ClientAppActor pid=92741)[0m         
[36m(ClientAppActor pid=92743)[0m 
[36m(ClientAppActor pid=92743)[0m         
[36m(ClientAppActor pid=92746)[0m 
[36m(ClientAppActor pid=92746)[0m         
[36m(ClientAppActor pid=92742)[0m 
[36m(ClientAppActor pid=92742)[0m         
[36m(ClientAppActor pid=92741)[0m 
[36m(ClientAppActor pid=92741)[0m         
[36m(ClientAppActor pid=92722)[0m 
[36m(ClientAppActor pid=92722)[0m         
[36m(ClientAppActor pid=92744)[0m 
[36m(ClientAppActor pid=92744)[0m         
[36m(ClientAppActor pid=92745)[0m 
[36m(ClientAppActor pid=92745)[0m         
[36m(ClientAppActor pid=92739)[0m 
[36m(ClientAppActor pid=92739)[0m         
[36m(ClientAppActor pid=92739)[0m [93mWARNING [0m:   DEPRECATED FEATURE: `client_fn` now expects a signature `def client_fn(context: Context)`.The provided `client_fn` has signature: {'cid': <Parameter "cid: str">}. You can import the `Context` like this: `from flwr.common import Context`[32m [repeated 21x across cluster][0m
[36m(ClientAppActor pid=92739)[0m             This is a deprecated feature. It will be removed[32m [repeated 21x across cluster][0m
[36m(ClientAppActor pid=92739)[0m             entirely in future versions of Flower.[32m [repeated 21x across cluster][0m
[36m(ClientAppActor pid=92722)[0m 
[36m(ClientAppActor pid=92722)[0m         
[36m(ClientAppActor pid=92742)[0m 
[36m(ClientAppActor pid=92742)[0m         
[36m(ClientAppActor pid=92739)[0m 
[36m(ClientAppActor pid=92739)[0m         
[36m(ClientAppActor pid=92741)[0m 
[36m(ClientAppActor pid=92741)[0m         
[36m(ClientAppActor pid=92744)[0m 
[36m(ClientAppActor pid=92744)[0m         
[36m(ClientAppActor pid=92743)[0m 
[36m(ClientAppActor pid=92743)[0m         
[36m(ClientAppActor pid=92745)[0m 
[36m(ClientAppActor pid=92745)[0m         
[36m(ClientAppActor pid=92746)[0m 
[36m(ClientAppActor pid=92746)[0m         
[36m(ClientAppActor pid=92742)[0m 
[36m(ClientAppActor pid=92742)[0m         
[36m(ClientAppActor pid=92722)[0m 
[36m(ClientAppActor pid=92722)[0m         
[36m(ClientAppActor pid=92745)[0m 
[36m(ClientAppActor pid=92745)[0m         
[36m(ClientAppActor pid=92739)[0m 
[36m(ClientAppActor pid=92739)[0m         
[36m(ClientAppActor pid=92741)[0m 
[36m(ClientAppActor pid=92741)[0m         
[36m(ClientAppActor pid=92743)[0m 
[36m(ClientAppActor pid=92743)[0m         
[36m(ClientAppActor pid=92742)[0m 
[36m(ClientAppActor pid=92742)[0m         
[36m(ClientAppActor pid=92746)[0m 
[36m(ClientAppActor pid=92746)[0m         
[36m(ClientAppActor pid=92739)[0m 
[36m(ClientAppActor pid=92739)[0m         
[36m(ClientAppActor pid=92739)[0m [93mWARNING [0m:   DEPRECATED FEATURE: `client_fn` now expects a signature `def client_fn(context: Context)`.The provided `client_fn` has signature: {'cid': <Parameter "cid: str">}. You can import the `Context` like this: `from flwr.common import Context`[32m [repeated 17x across cluster][0m
[36m(ClientAppActor pid=92739)[0m             This is a deprecated feature. It will be removed[32m [repeated 17x across cluster][0m
[36m(ClientAppActor pid=92739)[0m             entirely in future versions of Flower.[32m [repeated 17x across cluster][0m
[36m(ClientAppActor pid=92741)[0m 
[36m(ClientAppActor pid=92741)[0m         
[36m(ClientAppActor pid=92743)[0m 
[36m(ClientAppActor pid=92743)[0m         
[36m(ClientAppActor pid=92745)[0m 
[36m(ClientAppActor pid=92745)[0m         
[36m(ClientAppActor pid=92742)[0m 
[36m(ClientAppActor pid=92742)[0m         
[36m(ClientAppActor pid=92722)[0m 
[36m(ClientAppActor pid=92722)[0m         
[36m(ClientAppActor pid=92744)[0m 
[36m(ClientAppActor pid=92744)[0m         
[36m(ClientAppActor pid=92739)[0m 
[36m(ClientAppActor pid=92739)[0m         
[36m(ClientAppActor pid=92741)[0m 
[36m(ClientAppActor pid=92741)[0m         
[36m(ClientAppActor pid=92746)[0m 
[36m(ClientAppActor pid=92746)[0m         
[36m(ClientAppActor pid=92743)[0m 
[36m(ClientAppActor pid=92743)[0m         
[36m(ClientAppActor pid=92742)[0m 
[36m(ClientAppActor pid=92742)[0m         
[36m(ClientAppActor pid=92722)[0m 
[36m(ClientAppActor pid=92722)[0m         
[36m(ClientAppActor pid=92744)[0m 
[36m(ClientAppActor pid=92744)[0m         
[36m(ClientAppActor pid=92739)[0m 
[36m(ClientAppActor pid=92739)[0m         
[36m(ClientAppActor pid=92741)[0m 
[36m(ClientAppActor pid=92741)[0m         
[36m(ClientAppActor pid=92746)[0m 
[36m(ClientAppActor pid=92746)[0m         
[36m(ClientAppActor pid=92743)[0m 
[36m(ClientAppActor pid=92743)[0m         
[36m(ClientAppActor pid=92745)[0m 
[36m(ClientAppActor pid=92745)[0m         
[36m(ClientAppActor pid=92742)[0m 
[36m(ClientAppActor pid=92742)[0m         
[36m(ClientAppActor pid=92722)[0m 
[36m(ClientAppActor pid=92722)[0m         
[36m(ClientAppActor pid=92741)[0m 
[36m(ClientAppActor pid=92741)[0m         
[36m(ClientAppActor pid=92741)[0m [93mWARNING [0m:   DEPRECATED FEATURE: `client_fn` now expects a signature `def client_fn(context: Context)`.The provided `client_fn` has signature: {'cid': <Parameter "cid: str">}. You can import the `Context` like this: `from flwr.common import Context`[32m [repeated 21x across cluster][0m
[36m(ClientAppActor pid=92741)[0m             This is a deprecated feature. It will be removed[32m [repeated 21x across cluster][0m
[36m(ClientAppActor pid=92741)[0m             entirely in future versions of Flower.[32m [repeated 21x across cluster][0m
[36m(ClientAppActor pid=92739)[0m 
[36m(ClientAppActor pid=92739)[0m         
[36m(ClientAppActor pid=92746)[0m 
[36m(ClientAppActor pid=92746)[0m         
[36m(ClientAppActor pid=92744)[0m 
[36m(ClientAppActor pid=92744)[0m         
[36m(ClientAppActor pid=92743)[0m 
[36m(ClientAppActor pid=92743)[0m         
[36m(ClientAppActor pid=92742)[0m 
[36m(ClientAppActor pid=92742)[0m         
[36m(ClientAppActor pid=92741)[0m 
[36m(ClientAppActor pid=92741)[0m         
[36m(ClientAppActor pid=92744)[0m 
[36m(ClientAppActor pid=92744)[0m         
[36m(ClientAppActor pid=92739)[0m 
[36m(ClientAppActor pid=92739)[0m         
[36m(ClientAppActor pid=92743)[0m 
[36m(ClientAppActor pid=92743)[0m         
[36m(ClientAppActor pid=92741)[0m 
[36m(ClientAppActor pid=92741)[0m         
[36m(ClientAppActor pid=92722)[0m 
[36m(ClientAppActor pid=92722)[0m         
[36m(ClientAppActor pid=92746)[0m 
[36m(ClientAppActor pid=92746)[0m         
[36m(ClientAppActor pid=92742)[0m 
[36m(ClientAppActor pid=92742)[0m         
[36m(ClientAppActor pid=92722)[0m 
[36m(ClientAppActor pid=92722)[0m         
[36m(ClientAppActor pid=92745)[0m 
[36m(ClientAppActor pid=92745)[0m         
[36m(ClientAppActor pid=92743)[0m 
[36m(ClientAppActor pid=92743)[0m         
[36m(ClientAppActor pid=92739)[0m 
[36m(ClientAppActor pid=92739)[0m         
[36m(ClientAppActor pid=92744)[0m 
[36m(ClientAppActor pid=92744)[0m         
[92mINFO [0m:      aggregate_fit: received 100 results and 0 failures
[92mINFO [0m:      fit progress: (5, 2.218477599939723, {'accuracy': 0.1772}, 165.91780153661966)
[92mINFO [0m:      configure_evaluate: no clients selected, skipping evaluation
[92mINFO [0m:      
[92mINFO [0m:      [ROUND 6]
[92mINFO [0m:      configure_fit: strategy sampled 100 clients (out of 100)
[36m(ClientAppActor pid=92741)[0m 
[36m(ClientAppActor pid=92741)[0m         
[36m(ClientAppActor pid=92741)[0m [93mWARNING [0m:   DEPRECATED FEATURE: `client_fn` now expects a signature `def client_fn(context: Context)`.The provided `client_fn` has signature: {'cid': <Parameter "cid: str">}. You can import the `Context` like this: `from flwr.common import Context`[32m [repeated 19x across cluster][0m
[36m(ClientAppActor pid=92741)[0m             This is a deprecated feature. It will be removed[32m [repeated 19x across cluster][0m
[36m(ClientAppActor pid=92741)[0m             entirely in future versions of Flower.[32m [repeated 19x across cluster][0m
[36m(ClientAppActor pid=92722)[0m 
[36m(ClientAppActor pid=92722)[0m         
[36m(ClientAppActor pid=92746)[0m 
[36m(ClientAppActor pid=92746)[0m         
[36m(ClientAppActor pid=92742)[0m 
[36m(ClientAppActor pid=92742)[0m         
[36m(ClientAppActor pid=92743)[0m 
[36m(ClientAppActor pid=92743)[0m         
[36m(ClientAppActor pid=92744)[0m 
[36m(ClientAppActor pid=92744)[0m         
[36m(ClientAppActor pid=92745)[0m 
[36m(ClientAppActor pid=92745)[0m         
[36m(ClientAppActor pid=92739)[0m 
[36m(ClientAppActor pid=92739)[0m         
[36m(ClientAppActor pid=92742)[0m 
[36m(ClientAppActor pid=92742)[0m         
[36m(ClientAppActor pid=92744)[0m 
[36m(ClientAppActor pid=92744)[0m         
[36m(ClientAppActor pid=92739)[0m 
[36m(ClientAppActor pid=92739)[0m         
[36m(ClientAppActor pid=92741)[0m 
[36m(ClientAppActor pid=92741)[0m         
[36m(ClientAppActor pid=92746)[0m 
[36m(ClientAppActor pid=92746)[0m         
[36m(ClientAppActor pid=92743)[0m 
[36m(ClientAppActor pid=92743)[0m         
[36m(ClientAppActor pid=92745)[0m 
[36m(ClientAppActor pid=92745)[0m         
[36m(ClientAppActor pid=92722)[0m 
[36m(ClientAppActor pid=92722)[0m         
[36m(ClientAppActor pid=92742)[0m 
[36m(ClientAppActor pid=92742)[0m         
[36m(ClientAppActor pid=92744)[0m 
[36m(ClientAppActor pid=92744)[0m         
[36m(ClientAppActor pid=92746)[0m 
[36m(ClientAppActor pid=92746)[0m         
[36m(ClientAppActor pid=92743)[0m 
[36m(ClientAppActor pid=92743)[0m         
[36m(ClientAppActor pid=92739)[0m 
[36m(ClientAppActor pid=92739)[0m         
[36m(ClientAppActor pid=92744)[0m 
[36m(ClientAppActor pid=92744)[0m         
[36m(ClientAppActor pid=92745)[0m 
[36m(ClientAppActor pid=92745)[0m         
[36m(ClientAppActor pid=92722)[0m 
[36m(ClientAppActor pid=92722)[0m         
[36m(ClientAppActor pid=92722)[0m [93mWARNING [0m:   DEPRECATED FEATURE: `client_fn` now expects a signature `def client_fn(context: Context)`.The provided `client_fn` has signature: {'cid': <Parameter "cid: str">}. You can import the `Context` like this: `from flwr.common import Context`[32m [repeated 23x across cluster][0m
[36m(ClientAppActor pid=92722)[0m             This is a deprecated feature. It will be removed[32m [repeated 23x across cluster][0m
[36m(ClientAppActor pid=92722)[0m             entirely in future versions of Flower.[32m [repeated 23x across cluster][0m
[36m(ClientAppActor pid=92741)[0m 
[36m(ClientAppActor pid=92741)[0m         
[36m(ClientAppActor pid=92742)[0m 
[36m(ClientAppActor pid=92742)[0m         
[36m(ClientAppActor pid=92746)[0m 
[36m(ClientAppActor pid=92746)[0m         
[36m(ClientAppActor pid=92739)[0m 
[36m(ClientAppActor pid=92739)[0m         
[36m(ClientAppActor pid=92745)[0m 
[36m(ClientAppActor pid=92745)[0m         
[36m(ClientAppActor pid=92742)[0m 
[36m(ClientAppActor pid=92742)[0m         
[36m(ClientAppActor pid=92743)[0m 
[36m(ClientAppActor pid=92743)[0m         
[36m(ClientAppActor pid=92741)[0m 
[36m(ClientAppActor pid=92741)[0m         
[36m(ClientAppActor pid=92722)[0m 
[36m(ClientAppActor pid=92722)[0m         
[36m(ClientAppActor pid=92744)[0m 
[36m(ClientAppActor pid=92744)[0m         
[36m(ClientAppActor pid=92746)[0m 
[36m(ClientAppActor pid=92746)[0m         
[36m(ClientAppActor pid=92739)[0m 
[36m(ClientAppActor pid=92739)[0m         
[36m(ClientAppActor pid=92741)[0m 
[36m(ClientAppActor pid=92741)[0m         
[36m(ClientAppActor pid=92743)[0m 
[36m(ClientAppActor pid=92743)[0m         
[36m(ClientAppActor pid=92722)[0m 
[36m(ClientAppActor pid=92722)[0m         
[36m(ClientAppActor pid=92744)[0m 
[36m(ClientAppActor pid=92744)[0m         
[36m(ClientAppActor pid=92742)[0m 
[36m(ClientAppActor pid=92742)[0m         
[36m(ClientAppActor pid=92745)[0m 
[36m(ClientAppActor pid=92745)[0m         
[36m(ClientAppActor pid=92739)[0m 
[36m(ClientAppActor pid=92739)[0m         
[36m(ClientAppActor pid=92746)[0m 
[36m(ClientAppActor pid=92746)[0m         
[36m(ClientAppActor pid=92743)[0m 
[36m(ClientAppActor pid=92743)[0m         
[36m(ClientAppActor pid=92741)[0m 
[36m(ClientAppActor pid=92741)[0m         
[36m(ClientAppActor pid=92722)[0m 
[36m(ClientAppActor pid=92722)[0m         
[36m(ClientAppActor pid=92722)[0m [93mWARNING [0m:   DEPRECATED FEATURE: `client_fn` now expects a signature `def client_fn(context: Context)`.The provided `client_fn` has signature: {'cid': <Parameter "cid: str">}. You can import the `Context` like this: `from flwr.common import Context`[32m [repeated 23x across cluster][0m
[36m(ClientAppActor pid=92722)[0m             This is a deprecated feature. It will be removed[32m [repeated 23x across cluster][0m
[36m(ClientAppActor pid=92722)[0m             entirely in future versions of Flower.[32m [repeated 23x across cluster][0m
[36m(ClientAppActor pid=92745)[0m 
[36m(ClientAppActor pid=92745)[0m         
[36m(ClientAppActor pid=92744)[0m 
[36m(ClientAppActor pid=92744)[0m         
[36m(ClientAppActor pid=92742)[0m 
[36m(ClientAppActor pid=92742)[0m         
[36m(ClientAppActor pid=92741)[0m 
[36m(ClientAppActor pid=92741)[0m         
[36m(ClientAppActor pid=92743)[0m 
[36m(ClientAppActor pid=92743)[0m         
[36m(ClientAppActor pid=92745)[0m 
[36m(ClientAppActor pid=92745)[0m         
[36m(ClientAppActor pid=92739)[0m 
[36m(ClientAppActor pid=92739)[0m         
[36m(ClientAppActor pid=92722)[0m 
[36m(ClientAppActor pid=92722)[0m         
[36m(ClientAppActor pid=92746)[0m 
[36m(ClientAppActor pid=92746)[0m         
[36m(ClientAppActor pid=92742)[0m 
[36m(ClientAppActor pid=92742)[0m         
[36m(ClientAppActor pid=92743)[0m 
[36m(ClientAppActor pid=92743)[0m         
[36m(ClientAppActor pid=92744)[0m 
[36m(ClientAppActor pid=92744)[0m         
[36m(ClientAppActor pid=92741)[0m 
[36m(ClientAppActor pid=92741)[0m         
[36m(ClientAppActor pid=92739)[0m 
[36m(ClientAppActor pid=92739)[0m         
[36m(ClientAppActor pid=92722)[0m 
[36m(ClientAppActor pid=92722)[0m         
[36m(ClientAppActor pid=92745)[0m 
[36m(ClientAppActor pid=92745)[0m         
[36m(ClientAppActor pid=92742)[0m 
[36m(ClientAppActor pid=92742)[0m         
[36m(ClientAppActor pid=92746)[0m 
[36m(ClientAppActor pid=92746)[0m         
[36m(ClientAppActor pid=92744)[0m 
[36m(ClientAppActor pid=92744)[0m         
[36m(ClientAppActor pid=92741)[0m 
[36m(ClientAppActor pid=92741)[0m         
[36m(ClientAppActor pid=92741)[0m [93mWARNING [0m:   DEPRECATED FEATURE: `client_fn` now expects a signature `def client_fn(context: Context)`.The provided `client_fn` has signature: {'cid': <Parameter "cid: str">}. You can import the `Context` like this: `from flwr.common import Context`[32m [repeated 20x across cluster][0m
[36m(ClientAppActor pid=92741)[0m             This is a deprecated feature. It will be removed[32m [repeated 20x across cluster][0m
[36m(ClientAppActor pid=92741)[0m             entirely in future versions of Flower.[32m [repeated 20x across cluster][0m
[36m(ClientAppActor pid=92722)[0m 
[36m(ClientAppActor pid=92722)[0m         
[36m(ClientAppActor pid=92743)[0m 
[36m(ClientAppActor pid=92743)[0m         
[36m(ClientAppActor pid=92739)[0m 
[36m(ClientAppActor pid=92739)[0m         
[36m(ClientAppActor pid=92745)[0m 
[36m(ClientAppActor pid=92745)[0m         
[36m(ClientAppActor pid=92744)[0m 
[36m(ClientAppActor pid=92744)[0m         
[36m(ClientAppActor pid=92746)[0m 
[36m(ClientAppActor pid=92746)[0m         
[36m(ClientAppActor pid=92722)[0m 
[36m(ClientAppActor pid=92722)[0m         
[36m(ClientAppActor pid=92739)[0m 
[36m(ClientAppActor pid=92739)[0m         
[36m(ClientAppActor pid=92745)[0m 
[36m(ClientAppActor pid=92745)[0m         
[36m(ClientAppActor pid=92742)[0m 
[36m(ClientAppActor pid=92742)[0m         
[36m(ClientAppActor pid=92743)[0m 
[36m(ClientAppActor pid=92743)[0m         
[36m(ClientAppActor pid=92744)[0m 
[36m(ClientAppActor pid=92744)[0m         
[36m(ClientAppActor pid=92722)[0m 
[36m(ClientAppActor pid=92722)[0m         
[36m(ClientAppActor pid=92745)[0m 
[36m(ClientAppActor pid=92745)[0m         
[36m(ClientAppActor pid=92739)[0m 
[36m(ClientAppActor pid=92739)[0m         
[36m(ClientAppActor pid=92741)[0m 
[36m(ClientAppActor pid=92741)[0m         
[36m(ClientAppActor pid=92746)[0m 
[36m(ClientAppActor pid=92746)[0m         
[36m(ClientAppActor pid=92722)[0m 
[36m(ClientAppActor pid=92722)[0m         
[36m(ClientAppActor pid=92722)[0m [93mWARNING [0m:   DEPRECATED FEATURE: `client_fn` now expects a signature `def client_fn(context: Context)`.The provided `client_fn` has signature: {'cid': <Parameter "cid: str">}. You can import the `Context` like this: `from flwr.common import Context`[32m [repeated 18x across cluster][0m
[36m(ClientAppActor pid=92722)[0m             This is a deprecated feature. It will be removed[32m [repeated 18x across cluster][0m
[36m(ClientAppActor pid=92722)[0m             entirely in future versions of Flower.[32m [repeated 18x across cluster][0m
[36m(ClientAppActor pid=92743)[0m 
[36m(ClientAppActor pid=92743)[0m         
[36m(ClientAppActor pid=92745)[0m 
[36m(ClientAppActor pid=92745)[0m         
[36m(ClientAppActor pid=92742)[0m 
[36m(ClientAppActor pid=92742)[0m         
[36m(ClientAppActor pid=92739)[0m 
[36m(ClientAppActor pid=92739)[0m         
[36m(ClientAppActor pid=92741)[0m 
[36m(ClientAppActor pid=92741)[0m         
[36m(ClientAppActor pid=92722)[0m 
[36m(ClientAppActor pid=92722)[0m         
[36m(ClientAppActor pid=92746)[0m 
[36m(ClientAppActor pid=92746)[0m         
[36m(ClientAppActor pid=92742)[0m 
[36m(ClientAppActor pid=92742)[0m         
[36m(ClientAppActor pid=92743)[0m 
[36m(ClientAppActor pid=92743)[0m         
[36m(ClientAppActor pid=92739)[0m 
[36m(ClientAppActor pid=92739)[0m         
[36m(ClientAppActor pid=92744)[0m 
[36m(ClientAppActor pid=92744)[0m         
[36m(ClientAppActor pid=92722)[0m 
[36m(ClientAppActor pid=92722)[0m         
[36m(ClientAppActor pid=92745)[0m 
[36m(ClientAppActor pid=92745)[0m         
[36m(ClientAppActor pid=92741)[0m 
[36m(ClientAppActor pid=92741)[0m         
[36m(ClientAppActor pid=92743)[0m 
[36m(ClientAppActor pid=92743)[0m         
[92mINFO [0m:      aggregate_fit: received 100 results and 0 failures
[92mINFO [0m:      fit progress: (6, 2.177197972680353, {'accuracy': 0.2158}, 197.0883439197205)
[92mINFO [0m:      configure_evaluate: no clients selected, skipping evaluation
[92mINFO [0m:      
[92mINFO [0m:      [ROUND 7]
[92mINFO [0m:      configure_fit: strategy sampled 100 clients (out of 100)
[36m(ClientAppActor pid=92741)[0m 
[36m(ClientAppActor pid=92741)[0m         
[36m(ClientAppActor pid=92741)[0m [93mWARNING [0m:   DEPRECATED FEATURE: `client_fn` now expects a signature `def client_fn(context: Context)`.The provided `client_fn` has signature: {'cid': <Parameter "cid: str">}. You can import the `Context` like this: `from flwr.common import Context`[32m [repeated 16x across cluster][0m
[36m(ClientAppActor pid=92741)[0m             This is a deprecated feature. It will be removed[32m [repeated 16x across cluster][0m
[36m(ClientAppActor pid=92741)[0m             entirely in future versions of Flower.[32m [repeated 16x across cluster][0m
[36m(ClientAppActor pid=92722)[0m 
[36m(ClientAppActor pid=92722)[0m         
[36m(ClientAppActor pid=92746)[0m 
[36m(ClientAppActor pid=92746)[0m         
[36m(ClientAppActor pid=92742)[0m 
[36m(ClientAppActor pid=92742)[0m         
[36m(ClientAppActor pid=92743)[0m 
[36m(ClientAppActor pid=92743)[0m         
[36m(ClientAppActor pid=92744)[0m 
[36m(ClientAppActor pid=92744)[0m         
[36m(ClientAppActor pid=92745)[0m 
[36m(ClientAppActor pid=92745)[0m         
[36m(ClientAppActor pid=92739)[0m 
[36m(ClientAppActor pid=92739)[0m         
[36m(ClientAppActor pid=92742)[0m 
[36m(ClientAppActor pid=92742)[0m         
[36m(ClientAppActor pid=92745)[0m 
[36m(ClientAppActor pid=92745)[0m         
[36m(ClientAppActor pid=92743)[0m 
[36m(ClientAppActor pid=92743)[0m         
[36m(ClientAppActor pid=92744)[0m 
[36m(ClientAppActor pid=92744)[0m         
[36m(ClientAppActor pid=92739)[0m 
[36m(ClientAppActor pid=92739)[0m         
[36m(ClientAppActor pid=92741)[0m 
[36m(ClientAppActor pid=92741)[0m         
[36m(ClientAppActor pid=92746)[0m 
[36m(ClientAppActor pid=92746)[0m         
[36m(ClientAppActor pid=92742)[0m 
[36m(ClientAppActor pid=92742)[0m         
[36m(ClientAppActor pid=92722)[0m 
[36m(ClientAppActor pid=92722)[0m         
[36m(ClientAppActor pid=92745)[0m 
[36m(ClientAppActor pid=92745)[0m         
[36m(ClientAppActor pid=92741)[0m 
[36m(ClientAppActor pid=92741)[0m         
[36m(ClientAppActor pid=92743)[0m 
[36m(ClientAppActor pid=92743)[0m         
[36m(ClientAppActor pid=92739)[0m 
[36m(ClientAppActor pid=92739)[0m         
[36m(ClientAppActor pid=92744)[0m 
[36m(ClientAppActor pid=92744)[0m         
[36m(ClientAppActor pid=92722)[0m 
[36m(ClientAppActor pid=92722)[0m         
[36m(ClientAppActor pid=92722)[0m [93mWARNING [0m:   DEPRECATED FEATURE: `client_fn` now expects a signature `def client_fn(context: Context)`.The provided `client_fn` has signature: {'cid': <Parameter "cid: str">}. You can import the `Context` like this: `from flwr.common import Context`[32m [repeated 22x across cluster][0m
[36m(ClientAppActor pid=92722)[0m             This is a deprecated feature. It will be removed[32m [repeated 22x across cluster][0m
[36m(ClientAppActor pid=92722)[0m             entirely in future versions of Flower.[32m [repeated 22x across cluster][0m
[36m(ClientAppActor pid=92746)[0m 
[36m(ClientAppActor pid=92746)[0m         
[36m(ClientAppActor pid=92742)[0m 
[36m(ClientAppActor pid=92742)[0m         
[36m(ClientAppActor pid=92745)[0m 
[36m(ClientAppActor pid=92745)[0m         
[36m(ClientAppActor pid=92741)[0m 
[36m(ClientAppActor pid=92741)[0m         
[36m(ClientAppActor pid=92722)[0m 
[36m(ClientAppActor pid=92722)[0m         
[36m(ClientAppActor pid=92743)[0m 
[36m(ClientAppActor pid=92743)[0m         
[36m(ClientAppActor pid=92742)[0m 
[36m(ClientAppActor pid=92742)[0m         
[36m(ClientAppActor pid=92739)[0m 
[36m(ClientAppActor pid=92739)[0m         
[36m(ClientAppActor pid=92744)[0m 
[36m(ClientAppActor pid=92744)[0m         
[36m(ClientAppActor pid=92746)[0m 
[36m(ClientAppActor pid=92746)[0m         
[36m(ClientAppActor pid=92722)[0m 
[36m(ClientAppActor pid=92722)[0m         
[36m(ClientAppActor pid=92741)[0m 
[36m(ClientAppActor pid=92741)[0m         
[36m(ClientAppActor pid=92745)[0m 
[36m(ClientAppActor pid=92745)[0m         
[36m(ClientAppActor pid=92742)[0m 
[36m(ClientAppActor pid=92742)[0m         
[36m(ClientAppActor pid=92739)[0m 
[36m(ClientAppActor pid=92739)[0m         
[36m(ClientAppActor pid=92743)[0m 
[36m(ClientAppActor pid=92743)[0m         
[36m(ClientAppActor pid=92722)[0m 
[36m(ClientAppActor pid=92722)[0m         
[36m(ClientAppActor pid=92744)[0m 
[36m(ClientAppActor pid=92744)[0m         
[36m(ClientAppActor pid=92741)[0m 
[36m(ClientAppActor pid=92741)[0m         
[36m(ClientAppActor pid=92742)[0m 
[36m(ClientAppActor pid=92742)[0m         
[36m(ClientAppActor pid=92745)[0m 
[36m(ClientAppActor pid=92745)[0m         
[36m(ClientAppActor pid=92746)[0m 
[36m(ClientAppActor pid=92746)[0m         
[36m(ClientAppActor pid=92746)[0m [93mWARNING [0m:   DEPRECATED FEATURE: `client_fn` now expects a signature `def client_fn(context: Context)`.The provided `client_fn` has signature: {'cid': <Parameter "cid: str">}. You can import the `Context` like this: `from flwr.common import Context`[32m [repeated 22x across cluster][0m
[36m(ClientAppActor pid=92746)[0m             This is a deprecated feature. It will be removed[32m [repeated 22x across cluster][0m
[36m(ClientAppActor pid=92746)[0m             entirely in future versions of Flower.[32m [repeated 22x across cluster][0m
[36m(ClientAppActor pid=92739)[0m 
[36m(ClientAppActor pid=92739)[0m         
[36m(ClientAppActor pid=92743)[0m 
[36m(ClientAppActor pid=92743)[0m         
[36m(ClientAppActor pid=92744)[0m 
[36m(ClientAppActor pid=92744)[0m         
[36m(ClientAppActor pid=92741)[0m 
[36m(ClientAppActor pid=92741)[0m         
[36m(ClientAppActor pid=92722)[0m 
[36m(ClientAppActor pid=92722)[0m         
[36m(ClientAppActor pid=92746)[0m 
[36m(ClientAppActor pid=92746)[0m         
[36m(ClientAppActor pid=92745)[0m 
[36m(ClientAppActor pid=92745)[0m         
[36m(ClientAppActor pid=92742)[0m 
[36m(ClientAppActor pid=92742)[0m         
[36m(ClientAppActor pid=92739)[0m 
[36m(ClientAppActor pid=92739)[0m         
[36m(ClientAppActor pid=92722)[0m 
[36m(ClientAppActor pid=92722)[0m         
[36m(ClientAppActor pid=92743)[0m 
[36m(ClientAppActor pid=92743)[0m         
[36m(ClientAppActor pid=92742)[0m 
[36m(ClientAppActor pid=92742)[0m         
[36m(ClientAppActor pid=92741)[0m 
[36m(ClientAppActor pid=92741)[0m         
[36m(ClientAppActor pid=92739)[0m 
[36m(ClientAppActor pid=92739)[0m         
[36m(ClientAppActor pid=92722)[0m 
[36m(ClientAppActor pid=92722)[0m         
[36m(ClientAppActor pid=92746)[0m 
[36m(ClientAppActor pid=92746)[0m         
[36m(ClientAppActor pid=92745)[0m 
[36m(ClientAppActor pid=92745)[0m         
[36m(ClientAppActor pid=92743)[0m 
[36m(ClientAppActor pid=92743)[0m         
[36m(ClientAppActor pid=92742)[0m 
[36m(ClientAppActor pid=92742)[0m         
[36m(ClientAppActor pid=92742)[0m [93mWARNING [0m:   DEPRECATED FEATURE: `client_fn` now expects a signature `def client_fn(context: Context)`.The provided `client_fn` has signature: {'cid': <Parameter "cid: str">}. You can import the `Context` like this: `from flwr.common import Context`[32m [repeated 19x across cluster][0m
[36m(ClientAppActor pid=92742)[0m             This is a deprecated feature. It will be removed[32m [repeated 19x across cluster][0m
[36m(ClientAppActor pid=92742)[0m             entirely in future versions of Flower.[32m [repeated 19x across cluster][0m
[36m(ClientAppActor pid=92739)[0m 
[36m(ClientAppActor pid=92739)[0m         
[36m(ClientAppActor pid=92744)[0m 
[36m(ClientAppActor pid=92744)[0m         
[36m(ClientAppActor pid=92745)[0m 
[36m(ClientAppActor pid=92745)[0m         
[36m(ClientAppActor pid=92746)[0m 
[36m(ClientAppActor pid=92746)[0m         
[36m(ClientAppActor pid=92741)[0m 
[36m(ClientAppActor pid=92741)[0m         
[36m(ClientAppActor pid=92722)[0m 
[36m(ClientAppActor pid=92722)[0m         
[36m(ClientAppActor pid=92742)[0m 
[36m(ClientAppActor pid=92742)[0m         
[36m(ClientAppActor pid=92746)[0m 
[36m(ClientAppActor pid=92746)[0m         
[36m(ClientAppActor pid=92743)[0m 
[36m(ClientAppActor pid=92743)[0m         
[36m(ClientAppActor pid=92739)[0m 
[36m(ClientAppActor pid=92739)[0m         
[36m(ClientAppActor pid=92741)[0m 
[36m(ClientAppActor pid=92741)[0m         
[36m(ClientAppActor pid=92722)[0m 
[36m(ClientAppActor pid=92722)[0m         
[36m(ClientAppActor pid=92745)[0m 
[36m(ClientAppActor pid=92745)[0m         
[36m(ClientAppActor pid=92746)[0m 
[36m(ClientAppActor pid=92746)[0m         
[36m(ClientAppActor pid=92744)[0m 
[36m(ClientAppActor pid=92744)[0m         
[36m(ClientAppActor pid=92739)[0m 
[36m(ClientAppActor pid=92739)[0m         
[36m(ClientAppActor pid=92743)[0m 
[36m(ClientAppActor pid=92743)[0m         
[36m(ClientAppActor pid=92742)[0m 
[36m(ClientAppActor pid=92742)[0m         
[36m(ClientAppActor pid=92741)[0m 
[36m(ClientAppActor pid=92741)[0m         
[36m(ClientAppActor pid=92745)[0m 
[36m(ClientAppActor pid=92745)[0m         
[36m(ClientAppActor pid=92743)[0m 
[36m(ClientAppActor pid=92743)[0m         
[36m(ClientAppActor pid=92746)[0m 
[36m(ClientAppActor pid=92746)[0m         
[36m(ClientAppActor pid=92746)[0m [93mWARNING [0m:   DEPRECATED FEATURE: `client_fn` now expects a signature `def client_fn(context: Context)`.The provided `client_fn` has signature: {'cid': <Parameter "cid: str">}. You can import the `Context` like this: `from flwr.common import Context`[32m [repeated 22x across cluster][0m
[36m(ClientAppActor pid=92746)[0m             This is a deprecated feature. It will be removed[32m [repeated 22x across cluster][0m
[36m(ClientAppActor pid=92746)[0m             entirely in future versions of Flower.[32m [repeated 22x across cluster][0m
[36m(ClientAppActor pid=92739)[0m 
[36m(ClientAppActor pid=92739)[0m         
[36m(ClientAppActor pid=92744)[0m 
[36m(ClientAppActor pid=92744)[0m         
[36m(ClientAppActor pid=92742)[0m 
[36m(ClientAppActor pid=92742)[0m         
[36m(ClientAppActor pid=92741)[0m 
[36m(ClientAppActor pid=92741)[0m         
[36m(ClientAppActor pid=92722)[0m 
[36m(ClientAppActor pid=92722)[0m         
[36m(ClientAppActor pid=92746)[0m 
[36m(ClientAppActor pid=92746)[0m         
[36m(ClientAppActor pid=92742)[0m 
[36m(ClientAppActor pid=92742)[0m         
[36m(ClientAppActor pid=92745)[0m 
[36m(ClientAppActor pid=92745)[0m         
[36m(ClientAppActor pid=92744)[0m 
[36m(ClientAppActor pid=92744)[0m         
[36m(ClientAppActor pid=92739)[0m 
[36m(ClientAppActor pid=92739)[0m         
[36m(ClientAppActor pid=92741)[0m 
[36m(ClientAppActor pid=92741)[0m         
[36m(ClientAppActor pid=92722)[0m 
[36m(ClientAppActor pid=92722)[0m         
[36m(ClientAppActor pid=92745)[0m 
[36m(ClientAppActor pid=92745)[0m         
[36m(ClientAppActor pid=92742)[0m 
[36m(ClientAppActor pid=92742)[0m         
[92mINFO [0m:      aggregate_fit: received 100 results and 0 failures
[92mINFO [0m:      fit progress: (7, 2.1399342322805124, {'accuracy': 0.2302}, 228.6908248416148)
[92mINFO [0m:      configure_evaluate: no clients selected, skipping evaluation
[92mINFO [0m:      
[92mINFO [0m:      [ROUND 8]
[92mINFO [0m:      configure_fit: strategy sampled 100 clients (out of 100)
[36m(ClientAppActor pid=92741)[0m 
[36m(ClientAppActor pid=92741)[0m         
[36m(ClientAppActor pid=92741)[0m [93mWARNING [0m:   DEPRECATED FEATURE: `client_fn` now expects a signature `def client_fn(context: Context)`.The provided `client_fn` has signature: {'cid': <Parameter "cid: str">}. You can import the `Context` like this: `from flwr.common import Context`[32m [repeated 15x across cluster][0m
[36m(ClientAppActor pid=92741)[0m             This is a deprecated feature. It will be removed[32m [repeated 15x across cluster][0m
[36m(ClientAppActor pid=92741)[0m             entirely in future versions of Flower.[32m [repeated 15x across cluster][0m
[36m(ClientAppActor pid=92744)[0m 
[36m(ClientAppActor pid=92744)[0m         
[36m(ClientAppActor pid=92745)[0m 
[36m(ClientAppActor pid=92745)[0m         
[36m(ClientAppActor pid=92746)[0m 
[36m(ClientAppActor pid=92746)[0m         
[36m(ClientAppActor pid=92722)[0m 
[36m(ClientAppActor pid=92722)[0m         
[36m(ClientAppActor pid=92742)[0m 
[36m(ClientAppActor pid=92742)[0m         
[36m(ClientAppActor pid=92743)[0m 
[36m(ClientAppActor pid=92743)[0m         
[36m(ClientAppActor pid=92739)[0m 
[36m(ClientAppActor pid=92739)[0m         
[36m(ClientAppActor pid=92742)[0m 
[36m(ClientAppActor pid=92742)[0m         
[36m(ClientAppActor pid=92722)[0m 
[36m(ClientAppActor pid=92722)[0m         
[36m(ClientAppActor pid=92744)[0m 
[36m(ClientAppActor pid=92744)[0m         
[36m(ClientAppActor pid=92741)[0m 
[36m(ClientAppActor pid=92741)[0m         
[36m(ClientAppActor pid=92746)[0m 
[36m(ClientAppActor pid=92746)[0m         
[36m(ClientAppActor pid=92745)[0m 
[36m(ClientAppActor pid=92745)[0m         
[36m(ClientAppActor pid=92743)[0m 
[36m(ClientAppActor pid=92743)[0m         
[36m(ClientAppActor pid=92739)[0m 
[36m(ClientAppActor pid=92739)[0m         
[36m(ClientAppActor pid=92742)[0m 
[36m(ClientAppActor pid=92742)[0m         
[36m(ClientAppActor pid=92722)[0m 
[36m(ClientAppActor pid=92722)[0m         
[36m(ClientAppActor pid=92743)[0m 
[36m(ClientAppActor pid=92743)[0m         
[36m(ClientAppActor pid=92745)[0m 
[36m(ClientAppActor pid=92745)[0m         
[36m(ClientAppActor pid=92741)[0m 
[36m(ClientAppActor pid=92741)[0m         
[36m(ClientAppActor pid=92742)[0m 
[36m(ClientAppActor pid=92742)[0m         
[36m(ClientAppActor pid=92744)[0m 
[36m(ClientAppActor pid=92744)[0m         
[36m(ClientAppActor pid=92744)[0m [93mWARNING [0m:   DEPRECATED FEATURE: `client_fn` now expects a signature `def client_fn(context: Context)`.The provided `client_fn` has signature: {'cid': <Parameter "cid: str">}. You can import the `Context` like this: `from flwr.common import Context`[32m [repeated 22x across cluster][0m
[36m(ClientAppActor pid=92744)[0m             This is a deprecated feature. It will be removed[32m [repeated 22x across cluster][0m
[36m(ClientAppActor pid=92744)[0m             entirely in future versions of Flower.[32m [repeated 22x across cluster][0m
[36m(ClientAppActor pid=92722)[0m 
[36m(ClientAppActor pid=92722)[0m         
[36m(ClientAppActor pid=92746)[0m 
[36m(ClientAppActor pid=92746)[0m         
[36m(ClientAppActor pid=92739)[0m 
[36m(ClientAppActor pid=92739)[0m         
[36m(ClientAppActor pid=92745)[0m 
[36m(ClientAppActor pid=92745)[0m         
[36m(ClientAppActor pid=92742)[0m 
[36m(ClientAppActor pid=92742)[0m         
[36m(ClientAppActor pid=92743)[0m 
[36m(ClientAppActor pid=92743)[0m         
[36m(ClientAppActor pid=92722)[0m 
[36m(ClientAppActor pid=92722)[0m         
[36m(ClientAppActor pid=92746)[0m 
[36m(ClientAppActor pid=92746)[0m         
[36m(ClientAppActor pid=92744)[0m 
[36m(ClientAppActor pid=92744)[0m         
[36m(ClientAppActor pid=92739)[0m 
[36m(ClientAppActor pid=92739)[0m         
[36m(ClientAppActor pid=92743)[0m 
[36m(ClientAppActor pid=92743)[0m         
[36m(ClientAppActor pid=92744)[0m 
[36m(ClientAppActor pid=92744)[0m         
[36m(ClientAppActor pid=92746)[0m 
[36m(ClientAppActor pid=92746)[0m         
[36m(ClientAppActor pid=92722)[0m 
[36m(ClientAppActor pid=92722)[0m         
[36m(ClientAppActor pid=92742)[0m 
[36m(ClientAppActor pid=92742)[0m         
[36m(ClientAppActor pid=92745)[0m 
[36m(ClientAppActor pid=92745)[0m         
[36m(ClientAppActor pid=92743)[0m 
[36m(ClientAppActor pid=92743)[0m         
[36m(ClientAppActor pid=92741)[0m 
[36m(ClientAppActor pid=92741)[0m         
[36m(ClientAppActor pid=92741)[0m [93mWARNING [0m:   DEPRECATED FEATURE: `client_fn` now expects a signature `def client_fn(context: Context)`.The provided `client_fn` has signature: {'cid': <Parameter "cid: str">}. You can import the `Context` like this: `from flwr.common import Context`[32m [repeated 18x across cluster][0m
[36m(ClientAppActor pid=92741)[0m             This is a deprecated feature. It will be removed[32m [repeated 18x across cluster][0m
[36m(ClientAppActor pid=92741)[0m             entirely in future versions of Flower.[32m [repeated 18x across cluster][0m
[36m(ClientAppActor pid=92739)[0m 
[36m(ClientAppActor pid=92739)[0m         
[36m(ClientAppActor pid=92744)[0m 
[36m(ClientAppActor pid=92744)[0m         
[36m(ClientAppActor pid=92742)[0m 
[36m(ClientAppActor pid=92742)[0m         
[36m(ClientAppActor pid=92746)[0m 
[36m(ClientAppActor pid=92746)[0m         
[36m(ClientAppActor pid=92722)[0m 
[36m(ClientAppActor pid=92722)[0m         
[36m(ClientAppActor pid=92743)[0m 
[36m(ClientAppActor pid=92743)[0m         
[36m(ClientAppActor pid=92741)[0m 
[36m(ClientAppActor pid=92741)[0m         
[36m(ClientAppActor pid=92744)[0m 
[36m(ClientAppActor pid=92744)[0m         
[36m(ClientAppActor pid=92742)[0m 
[36m(ClientAppActor pid=92742)[0m         
[36m(ClientAppActor pid=92745)[0m 
[36m(ClientAppActor pid=92745)[0m         
[36m(ClientAppActor pid=92743)[0m 
[36m(ClientAppActor pid=92743)[0m         
[36m(ClientAppActor pid=92746)[0m 
[36m(ClientAppActor pid=92746)[0m         
[36m(ClientAppActor pid=92739)[0m 
[36m(ClientAppActor pid=92739)[0m         
[36m(ClientAppActor pid=92722)[0m 
[36m(ClientAppActor pid=92722)[0m         
[36m(ClientAppActor pid=92744)[0m 
[36m(ClientAppActor pid=92744)[0m         
[36m(ClientAppActor pid=92746)[0m 
[36m(ClientAppActor pid=92746)[0m         
[36m(ClientAppActor pid=92746)[0m [93mWARNING [0m:   DEPRECATED FEATURE: `client_fn` now expects a signature `def client_fn(context: Context)`.The provided `client_fn` has signature: {'cid': <Parameter "cid: str">}. You can import the `Context` like this: `from flwr.common import Context`[32m [repeated 16x across cluster][0m
[36m(ClientAppActor pid=92746)[0m             This is a deprecated feature. It will be removed[32m [repeated 16x across cluster][0m
[36m(ClientAppActor pid=92746)[0m             entirely in future versions of Flower.[32m [repeated 16x across cluster][0m
[36m(ClientAppActor pid=92745)[0m 
[36m(ClientAppActor pid=92745)[0m         
[36m(ClientAppActor pid=92741)[0m 
[36m(ClientAppActor pid=92741)[0m         
[36m(ClientAppActor pid=92739)[0m 
[36m(ClientAppActor pid=92739)[0m         
[36m(ClientAppActor pid=92743)[0m 
[36m(ClientAppActor pid=92743)[0m         
[36m(ClientAppActor pid=92742)[0m 
[36m(ClientAppActor pid=92742)[0m         
[36m(ClientAppActor pid=92744)[0m 
[36m(ClientAppActor pid=92744)[0m         
[36m(ClientAppActor pid=92722)[0m 
[36m(ClientAppActor pid=92722)[0m         
[36m(ClientAppActor pid=92744)[0m 
[36m(ClientAppActor pid=92744)[0m         
[36m(ClientAppActor pid=92741)[0m 
[36m(ClientAppActor pid=92741)[0m         
[36m(ClientAppActor pid=92722)[0m 
[36m(ClientAppActor pid=92722)[0m         
[36m(ClientAppActor pid=92739)[0m 
[36m(ClientAppActor pid=92739)[0m         
[36m(ClientAppActor pid=92743)[0m 
[36m(ClientAppActor pid=92743)[0m         
[36m(ClientAppActor pid=92745)[0m 
[36m(ClientAppActor pid=92745)[0m         
[36m(ClientAppActor pid=92742)[0m 
[36m(ClientAppActor pid=92742)[0m         
[36m(ClientAppActor pid=92746)[0m 
[36m(ClientAppActor pid=92746)[0m         
[36m(ClientAppActor pid=92744)[0m 
[36m(ClientAppActor pid=92744)[0m         
[36m(ClientAppActor pid=92741)[0m 
[36m(ClientAppActor pid=92741)[0m         
[36m(ClientAppActor pid=92722)[0m 
[36m(ClientAppActor pid=92722)[0m         
[36m(ClientAppActor pid=92739)[0m 
[36m(ClientAppActor pid=92739)[0m         
[36m(ClientAppActor pid=92743)[0m 
[36m(ClientAppActor pid=92743)[0m         
[36m(ClientAppActor pid=92742)[0m 
[36m(ClientAppActor pid=92742)[0m         
[36m(ClientAppActor pid=92745)[0m 
[36m(ClientAppActor pid=92745)[0m         
[36m(ClientAppActor pid=92745)[0m [93mWARNING [0m:   DEPRECATED FEATURE: `client_fn` now expects a signature `def client_fn(context: Context)`.The provided `client_fn` has signature: {'cid': <Parameter "cid: str">}. You can import the `Context` like this: `from flwr.common import Context`[32m [repeated 22x across cluster][0m
[36m(ClientAppActor pid=92745)[0m             This is a deprecated feature. It will be removed[32m [repeated 22x across cluster][0m
[36m(ClientAppActor pid=92745)[0m             entirely in future versions of Flower.[32m [repeated 22x across cluster][0m
[36m(ClientAppActor pid=92722)[0m 
[36m(ClientAppActor pid=92722)[0m         
[36m(ClientAppActor pid=92746)[0m 
[36m(ClientAppActor pid=92746)[0m         
[36m(ClientAppActor pid=92744)[0m 
[36m(ClientAppActor pid=92744)[0m         
[36m(ClientAppActor pid=92741)[0m 
[36m(ClientAppActor pid=92741)[0m         
[36m(ClientAppActor pid=92739)[0m 
[36m(ClientAppActor pid=92739)[0m         
[36m(ClientAppActor pid=92722)[0m 
[36m(ClientAppActor pid=92722)[0m         
[36m(ClientAppActor pid=92742)[0m 
[36m(ClientAppActor pid=92742)[0m         
[36m(ClientAppActor pid=92743)[0m 
[36m(ClientAppActor pid=92743)[0m         
[36m(ClientAppActor pid=92746)[0m 
[36m(ClientAppActor pid=92746)[0m         
[36m(ClientAppActor pid=92722)[0m 
[36m(ClientAppActor pid=92722)[0m         
[36m(ClientAppActor pid=92742)[0m 
[36m(ClientAppActor pid=92742)[0m         
[36m(ClientAppActor pid=92745)[0m 
[36m(ClientAppActor pid=92745)[0m         
[36m(ClientAppActor pid=92744)[0m 
[36m(ClientAppActor pid=92744)[0m         
[36m(ClientAppActor pid=92743)[0m 
[36m(ClientAppActor pid=92743)[0m         
[36m(ClientAppActor pid=92739)[0m 
[36m(ClientAppActor pid=92739)[0m         
[36m(ClientAppActor pid=92746)[0m 
[36m(ClientAppActor pid=92746)[0m         
[36m(ClientAppActor pid=92742)[0m 
[36m(ClientAppActor pid=92742)[0m         
[36m(ClientAppActor pid=92741)[0m 
[36m(ClientAppActor pid=92741)[0m         
[36m(ClientAppActor pid=92745)[0m 
[36m(ClientAppActor pid=92745)[0m         
[36m(ClientAppActor pid=92745)[0m [93mWARNING [0m:   DEPRECATED FEATURE: `client_fn` now expects a signature `def client_fn(context: Context)`.The provided `client_fn` has signature: {'cid': <Parameter "cid: str">}. You can import the `Context` like this: `from flwr.common import Context`[32m [repeated 19x across cluster][0m
[36m(ClientAppActor pid=92745)[0m             This is a deprecated feature. It will be removed[32m [repeated 19x across cluster][0m
[36m(ClientAppActor pid=92745)[0m             entirely in future versions of Flower.[32m [repeated 19x across cluster][0m
[36m(ClientAppActor pid=92722)[0m 
[36m(ClientAppActor pid=92722)[0m         
[36m(ClientAppActor pid=92744)[0m 
[36m(ClientAppActor pid=92744)[0m         
[92mINFO [0m:      aggregate_fit: received 100 results and 0 failures
[92mINFO [0m:      fit progress: (8, 2.1086298523435167, {'accuracy': 0.2467}, 261.12373185763136)
[92mINFO [0m:      configure_evaluate: no clients selected, skipping evaluation
[92mINFO [0m:      
[92mINFO [0m:      [ROUND 9]
[92mINFO [0m:      configure_fit: strategy sampled 100 clients (out of 100)
[36m(ClientAppActor pid=92741)[0m 
[36m(ClientAppActor pid=92741)[0m         
[36m(ClientAppActor pid=92741)[0m [93mWARNING [0m:   DEPRECATED FEATURE: `client_fn` now expects a signature `def client_fn(context: Context)`.The provided `client_fn` has signature: {'cid': <Parameter "cid: str">}. You can import the `Context` like this: `from flwr.common import Context`[32m [repeated 3x across cluster][0m
[36m(ClientAppActor pid=92741)[0m             This is a deprecated feature. It will be removed[32m [repeated 3x across cluster][0m
[36m(ClientAppActor pid=92741)[0m             entirely in future versions of Flower.[32m [repeated 3x across cluster][0m
[36m(ClientAppActor pid=92722)[0m 
[36m(ClientAppActor pid=92722)[0m         
[36m(ClientAppActor pid=92746)[0m 
[36m(ClientAppActor pid=92746)[0m         
[36m(ClientAppActor pid=92742)[0m 
[36m(ClientAppActor pid=92742)[0m         
[36m(ClientAppActor pid=92743)[0m 
[36m(ClientAppActor pid=92743)[0m         
[36m(ClientAppActor pid=92744)[0m 
[36m(ClientAppActor pid=92744)[0m         
[36m(ClientAppActor pid=92745)[0m 
[36m(ClientAppActor pid=92745)[0m         
[36m(ClientAppActor pid=92739)[0m 
[36m(ClientAppActor pid=92739)[0m         
[36m(ClientAppActor pid=92743)[0m 
[36m(ClientAppActor pid=92743)[0m         
[36m(ClientAppActor pid=92739)[0m 
[36m(ClientAppActor pid=92739)[0m         
[36m(ClientAppActor pid=92746)[0m 
[36m(ClientAppActor pid=92746)[0m         
[36m(ClientAppActor pid=92744)[0m 
[36m(ClientAppActor pid=92744)[0m         
[36m(ClientAppActor pid=92741)[0m 
[36m(ClientAppActor pid=92741)[0m         
[36m(ClientAppActor pid=92722)[0m 
[36m(ClientAppActor pid=92722)[0m         
[36m(ClientAppActor pid=92745)[0m 
[36m(ClientAppActor pid=92745)[0m         
[36m(ClientAppActor pid=92742)[0m 
[36m(ClientAppActor pid=92742)[0m         
[36m(ClientAppActor pid=92739)[0m 
[36m(ClientAppActor pid=92739)[0m         
[36m(ClientAppActor pid=92741)[0m 
[36m(ClientAppActor pid=92741)[0m         
[36m(ClientAppActor pid=92744)[0m 
[36m(ClientAppActor pid=92744)[0m         
[36m(ClientAppActor pid=92743)[0m 
[36m(ClientAppActor pid=92743)[0m         
[36m(ClientAppActor pid=92742)[0m 
[36m(ClientAppActor pid=92742)[0m         
[36m(ClientAppActor pid=92745)[0m 
[36m(ClientAppActor pid=92745)[0m         
[36m(ClientAppActor pid=92739)[0m 
[36m(ClientAppActor pid=92739)[0m         
[36m(ClientAppActor pid=92741)[0m 
[36m(ClientAppActor pid=92741)[0m         
[36m(ClientAppActor pid=92722)[0m 
[36m(ClientAppActor pid=92722)[0m         
[36m(ClientAppActor pid=92722)[0m [93mWARNING [0m:   DEPRECATED FEATURE: `client_fn` now expects a signature `def client_fn(context: Context)`.The provided `client_fn` has signature: {'cid': <Parameter "cid: str">}. You can import the `Context` like this: `from flwr.common import Context`[32m [repeated 24x across cluster][0m
[36m(ClientAppActor pid=92722)[0m             This is a deprecated feature. It will be removed[32m [repeated 24x across cluster][0m
[36m(ClientAppActor pid=92722)[0m             entirely in future versions of Flower.[32m [repeated 24x across cluster][0m
[36m(ClientAppActor pid=92742)[0m 
[36m(ClientAppActor pid=92742)[0m         
[36m(ClientAppActor pid=92743)[0m 
[36m(ClientAppActor pid=92743)[0m         
[36m(ClientAppActor pid=92744)[0m 
[36m(ClientAppActor pid=92744)[0m         
[36m(ClientAppActor pid=92745)[0m 
[36m(ClientAppActor pid=92745)[0m         
[36m(ClientAppActor pid=92741)[0m 
[36m(ClientAppActor pid=92741)[0m         
[36m(ClientAppActor pid=92739)[0m 
[36m(ClientAppActor pid=92739)[0m         
[36m(ClientAppActor pid=92722)[0m 
[36m(ClientAppActor pid=92722)[0m         
[36m(ClientAppActor pid=92746)[0m 
[36m(ClientAppActor pid=92746)[0m         
[36m(ClientAppActor pid=92742)[0m 
[36m(ClientAppActor pid=92742)[0m         
[36m(ClientAppActor pid=92743)[0m 
[36m(ClientAppActor pid=92743)[0m         
[36m(ClientAppActor pid=92745)[0m 
[36m(ClientAppActor pid=92745)[0m         
[36m(ClientAppActor pid=92741)[0m 
[36m(ClientAppActor pid=92741)[0m         
[36m(ClientAppActor pid=92742)[0m 
[36m(ClientAppActor pid=92742)[0m         
[36m(ClientAppActor pid=92744)[0m 
[36m(ClientAppActor pid=92744)[0m         
[36m(ClientAppActor pid=92722)[0m 
[36m(ClientAppActor pid=92722)[0m         
[36m(ClientAppActor pid=92746)[0m 
[36m(ClientAppActor pid=92746)[0m         
[36m(ClientAppActor pid=92739)[0m 
[36m(ClientAppActor pid=92739)[0m         
[36m(ClientAppActor pid=92745)[0m 
[36m(ClientAppActor pid=92745)[0m         
[36m(ClientAppActor pid=92742)[0m 
[36m(ClientAppActor pid=92742)[0m         
[36m(ClientAppActor pid=92743)[0m 
[36m(ClientAppActor pid=92743)[0m         
[36m(ClientAppActor pid=92741)[0m 
[36m(ClientAppActor pid=92741)[0m         
[36m(ClientAppActor pid=92746)[0m 
[36m(ClientAppActor pid=92746)[0m         
[36m(ClientAppActor pid=92746)[0m [93mWARNING [0m:   DEPRECATED FEATURE: `client_fn` now expects a signature `def client_fn(context: Context)`.The provided `client_fn` has signature: {'cid': <Parameter "cid: str">}. You can import the `Context` like this: `from flwr.common import Context`[32m [repeated 22x across cluster][0m
[36m(ClientAppActor pid=92746)[0m             This is a deprecated feature. It will be removed[32m [repeated 22x across cluster][0m
[36m(ClientAppActor pid=92746)[0m             entirely in future versions of Flower.[32m [repeated 22x across cluster][0m
[36m(ClientAppActor pid=92739)[0m 
[36m(ClientAppActor pid=92739)[0m         
[36m(ClientAppActor pid=92743)[0m 
[36m(ClientAppActor pid=92743)[0m         
[36m(ClientAppActor pid=92744)[0m 
[36m(ClientAppActor pid=92744)[0m         
[36m(ClientAppActor pid=92722)[0m 
[36m(ClientAppActor pid=92722)[0m         
[36m(ClientAppActor pid=92742)[0m 
[36m(ClientAppActor pid=92742)[0m         
[36m(ClientAppActor pid=92743)[0m 
[36m(ClientAppActor pid=92743)[0m         
[36m(ClientAppActor pid=92745)[0m 
[36m(ClientAppActor pid=92745)[0m         
[36m(ClientAppActor pid=92746)[0m 
[36m(ClientAppActor pid=92746)[0m         
[36m(ClientAppActor pid=92739)[0m 
[36m(ClientAppActor pid=92739)[0m         
[36m(ClientAppActor pid=92741)[0m 
[36m(ClientAppActor pid=92741)[0m         
[36m(ClientAppActor pid=92742)[0m 
[36m(ClientAppActor pid=92742)[0m         
[36m(ClientAppActor pid=92744)[0m 
[36m(ClientAppActor pid=92744)[0m         
[36m(ClientAppActor pid=92739)[0m 
[36m(ClientAppActor pid=92739)[0m         
[36m(ClientAppActor pid=92722)[0m 
[36m(ClientAppActor pid=92722)[0m         
[36m(ClientAppActor pid=92746)[0m 
[36m(ClientAppActor pid=92746)[0m         
[36m(ClientAppActor pid=92743)[0m 
[36m(ClientAppActor pid=92743)[0m         
[36m(ClientAppActor pid=92741)[0m 
[36m(ClientAppActor pid=92741)[0m         
[36m(ClientAppActor pid=92742)[0m 
[36m(ClientAppActor pid=92742)[0m         
[36m(ClientAppActor pid=92745)[0m 
[36m(ClientAppActor pid=92745)[0m         
[36m(ClientAppActor pid=92745)[0m [93mWARNING [0m:   DEPRECATED FEATURE: `client_fn` now expects a signature `def client_fn(context: Context)`.The provided `client_fn` has signature: {'cid': <Parameter "cid: str">}. You can import the `Context` like this: `from flwr.common import Context`[32m [repeated 19x across cluster][0m
[36m(ClientAppActor pid=92745)[0m             This is a deprecated feature. It will be removed[32m [repeated 19x across cluster][0m
[36m(ClientAppActor pid=92745)[0m             entirely in future versions of Flower.[32m [repeated 19x across cluster][0m
[36m(ClientAppActor pid=92722)[0m 
[36m(ClientAppActor pid=92722)[0m         
[36m(ClientAppActor pid=92741)[0m 
[36m(ClientAppActor pid=92741)[0m         
[36m(ClientAppActor pid=92746)[0m 
[36m(ClientAppActor pid=92746)[0m         
[36m(ClientAppActor pid=92742)[0m 
[36m(ClientAppActor pid=92742)[0m         
[36m(ClientAppActor pid=92744)[0m 
[36m(ClientAppActor pid=92744)[0m         
[36m(ClientAppActor pid=92743)[0m 
[36m(ClientAppActor pid=92743)[0m         
[36m(ClientAppActor pid=92722)[0m 
[36m(ClientAppActor pid=92722)[0m         
[36m(ClientAppActor pid=92742)[0m 
[36m(ClientAppActor pid=92742)[0m         
[36m(ClientAppActor pid=92741)[0m 
[36m(ClientAppActor pid=92741)[0m         
[36m(ClientAppActor pid=92745)[0m 
[36m(ClientAppActor pid=92745)[0m         
[36m(ClientAppActor pid=92739)[0m 
[36m(ClientAppActor pid=92739)[0m         
[36m(ClientAppActor pid=92743)[0m 
[36m(ClientAppActor pid=92743)[0m         
[36m(ClientAppActor pid=92745)[0m 
[36m(ClientAppActor pid=92745)[0m         
[36m(ClientAppActor pid=92746)[0m 
[36m(ClientAppActor pid=92746)[0m         
[36m(ClientAppActor pid=92741)[0m 
[36m(ClientAppActor pid=92741)[0m         
[36m(ClientAppActor pid=92742)[0m 
[36m(ClientAppActor pid=92742)[0m         
[36m(ClientAppActor pid=92722)[0m 
[36m(ClientAppActor pid=92722)[0m         
[36m(ClientAppActor pid=92743)[0m 
[36m(ClientAppActor pid=92743)[0m         
[36m(ClientAppActor pid=92744)[0m 
[36m(ClientAppActor pid=92744)[0m         
[36m(ClientAppActor pid=92744)[0m [93mWARNING [0m:   DEPRECATED FEATURE: `client_fn` now expects a signature `def client_fn(context: Context)`.The provided `client_fn` has signature: {'cid': <Parameter "cid: str">}. You can import the `Context` like this: `from flwr.common import Context`[32m [repeated 19x across cluster][0m
[36m(ClientAppActor pid=92744)[0m             This is a deprecated feature. It will be removed[32m [repeated 19x across cluster][0m
[36m(ClientAppActor pid=92744)[0m             entirely in future versions of Flower.[32m [repeated 19x across cluster][0m
[36m(ClientAppActor pid=92739)[0m 
[36m(ClientAppActor pid=92739)[0m         
[36m(ClientAppActor pid=92741)[0m 
[36m(ClientAppActor pid=92741)[0m         
[36m(ClientAppActor pid=92743)[0m 
[36m(ClientAppActor pid=92743)[0m         
[36m(ClientAppActor pid=92745)[0m 
[36m(ClientAppActor pid=92745)[0m         
[36m(ClientAppActor pid=92742)[0m 
[36m(ClientAppActor pid=92742)[0m         
[36m(ClientAppActor pid=92739)[0m 
[36m(ClientAppActor pid=92739)[0m         
[36m(ClientAppActor pid=92744)[0m 
[36m(ClientAppActor pid=92744)[0m         
[36m(ClientAppActor pid=92746)[0m 
[36m(ClientAppActor pid=92746)[0m         
[36m(ClientAppActor pid=92722)[0m 
[36m(ClientAppActor pid=92722)[0m         
[36m(ClientAppActor pid=92741)[0m 
[36m(ClientAppActor pid=92741)[0m         
[36m(ClientAppActor pid=92745)[0m 
[36m(ClientAppActor pid=92745)[0m         
[36m(ClientAppActor pid=92743)[0m 
[36m(ClientAppActor pid=92743)[0m         
[36m(ClientAppActor pid=92742)[0m 
[36m(ClientAppActor pid=92742)[0m         
[36m(ClientAppActor pid=92739)[0m 
[36m(ClientAppActor pid=92739)[0m         
[36m(ClientAppActor pid=92744)[0m 
[36m(ClientAppActor pid=92744)[0m         
[36m(ClientAppActor pid=92744)[0m [93mWARNING [0m:   DEPRECATED FEATURE: `client_fn` now expects a signature `def client_fn(context: Context)`.The provided `client_fn` has signature: {'cid': <Parameter "cid: str">}. You can import the `Context` like this: `from flwr.common import Context`[32m [repeated 15x across cluster][0m
[36m(ClientAppActor pid=92744)[0m             This is a deprecated feature. It will be removed[32m [repeated 15x across cluster][0m
[36m(ClientAppActor pid=92744)[0m             entirely in future versions of Flower.[32m [repeated 15x across cluster][0m
[92mINFO [0m:      aggregate_fit: received 100 results and 0 failures
[92mINFO [0m:      fit progress: (9, 2.081712641533773, {'accuracy': 0.2594}, 294.0817124499008)
[92mINFO [0m:      configure_evaluate: no clients selected, skipping evaluation
[92mINFO [0m:      
[92mINFO [0m:      [ROUND 10]
[92mINFO [0m:      configure_fit: strategy sampled 100 clients (out of 100)
[36m(ClientAppActor pid=92741)[0m 
[36m(ClientAppActor pid=92741)[0m         
[36m(ClientAppActor pid=92741)[0m [93mWARNING [0m:   DEPRECATED FEATURE: `client_fn` now expects a signature `def client_fn(context: Context)`.The provided `client_fn` has signature: {'cid': <Parameter "cid: str">}. You can import the `Context` like this: `from flwr.common import Context`
[36m(ClientAppActor pid=92741)[0m             This is a deprecated feature. It will be removed
[36m(ClientAppActor pid=92741)[0m             entirely in future versions of Flower.
[36m(ClientAppActor pid=92722)[0m [93mWARNING [0m:   DEPRECATED FEATURE: `client_fn` now expects a signature `def client_fn(context: Context)`.The provided `client_fn` has signature: {'cid': <Parameter "cid: str">}. You can import the `Context` like this: `from flwr.common import Context`
[36m(ClientAppActor pid=92722)[0m 
[36m(ClientAppActor pid=92722)[0m             This is a deprecated feature. It will be removed
[36m(ClientAppActor pid=92722)[0m             entirely in future versions of Flower.
[36m(ClientAppActor pid=92722)[0m         
[36m(ClientAppActor pid=92743)[0m 
[36m(ClientAppActor pid=92743)[0m         
[36m(ClientAppActor pid=92744)[0m 
[36m(ClientAppActor pid=92744)[0m         
[36m(ClientAppActor pid=92745)[0m 
[36m(ClientAppActor pid=92745)[0m         
[36m(ClientAppActor pid=92739)[0m 
[36m(ClientAppActor pid=92739)[0m         
[36m(ClientAppActor pid=92746)[0m 
[36m(ClientAppActor pid=92746)[0m         
[36m(ClientAppActor pid=92742)[0m 
[36m(ClientAppActor pid=92742)[0m         
[36m(ClientAppActor pid=92722)[0m 
[36m(ClientAppActor pid=92722)[0m         
[36m(ClientAppActor pid=92744)[0m 
[36m(ClientAppActor pid=92744)[0m         
[36m(ClientAppActor pid=92739)[0m 
[36m(ClientAppActor pid=92739)[0m         
[36m(ClientAppActor pid=92742)[0m 
[36m(ClientAppActor pid=92742)[0m         
[36m(ClientAppActor pid=92741)[0m 
[36m(ClientAppActor pid=92741)[0m         
[36m(ClientAppActor pid=92746)[0m 
[36m(ClientAppActor pid=92746)[0m         
[36m(ClientAppActor pid=92744)[0m 
[36m(ClientAppActor pid=92744)[0m         
[36m(ClientAppActor pid=92745)[0m 
[36m(ClientAppActor pid=92745)[0m         
[36m(ClientAppActor pid=92722)[0m 
[36m(ClientAppActor pid=92722)[0m         
[36m(ClientAppActor pid=92743)[0m 
[36m(ClientAppActor pid=92743)[0m         
[36m(ClientAppActor pid=92722)[0m 
[36m(ClientAppActor pid=92722)[0m         
[36m(ClientAppActor pid=92742)[0m 
[36m(ClientAppActor pid=92742)[0m         
[36m(ClientAppActor pid=92739)[0m 
[36m(ClientAppActor pid=92739)[0m         
[36m(ClientAppActor pid=92741)[0m 
[36m(ClientAppActor pid=92741)[0m         
[36m(ClientAppActor pid=92746)[0m 
[36m(ClientAppActor pid=92746)[0m         
[36m(ClientAppActor pid=92746)[0m [93mWARNING [0m:   DEPRECATED FEATURE: `client_fn` now expects a signature `def client_fn(context: Context)`.The provided `client_fn` has signature: {'cid': <Parameter "cid: str">}. You can import the `Context` like this: `from flwr.common import Context`[32m [repeated 21x across cluster][0m
[36m(ClientAppActor pid=92746)[0m             This is a deprecated feature. It will be removed[32m [repeated 21x across cluster][0m
[36m(ClientAppActor pid=92746)[0m             entirely in future versions of Flower.[32m [repeated 21x across cluster][0m
[36m(ClientAppActor pid=92745)[0m 
[36m(ClientAppActor pid=92745)[0m         
[36m(ClientAppActor pid=92722)[0m 
[36m(ClientAppActor pid=92722)[0m         
[36m(ClientAppActor pid=92744)[0m 
[36m(ClientAppActor pid=92744)[0m         
[36m(ClientAppActor pid=92739)[0m 
[36m(ClientAppActor pid=92739)[0m         
[36m(ClientAppActor pid=92743)[0m 
[36m(ClientAppActor pid=92743)[0m         
[36m(ClientAppActor pid=92741)[0m 
[36m(ClientAppActor pid=92741)[0m         
[36m(ClientAppActor pid=92742)[0m 
[36m(ClientAppActor pid=92742)[0m         
[36m(ClientAppActor pid=92746)[0m 
[36m(ClientAppActor pid=92746)[0m         
[36m(ClientAppActor pid=92744)[0m 
[36m(ClientAppActor pid=92744)[0m         
[36m(ClientAppActor pid=92743)[0m 
[36m(ClientAppActor pid=92743)[0m         
[36m(ClientAppActor pid=92741)[0m 
[36m(ClientAppActor pid=92741)[0m         
[36m(ClientAppActor pid=92742)[0m 
[36m(ClientAppActor pid=92742)[0m         
[36m(ClientAppActor pid=92745)[0m 
[36m(ClientAppActor pid=92745)[0m         
[36m(ClientAppActor pid=92739)[0m 
[36m(ClientAppActor pid=92739)[0m         
[36m(ClientAppActor pid=92746)[0m 
[36m(ClientAppActor pid=92746)[0m         
[36m(ClientAppActor pid=92722)[0m 
[36m(ClientAppActor pid=92722)[0m         
[36m(ClientAppActor pid=92744)[0m 
[36m(ClientAppActor pid=92744)[0m         
[36m(ClientAppActor pid=92743)[0m 
[36m(ClientAppActor pid=92743)[0m         
[36m(ClientAppActor pid=92741)[0m 
[36m(ClientAppActor pid=92741)[0m         
[36m(ClientAppActor pid=92741)[0m [93mWARNING [0m:   DEPRECATED FEATURE: `client_fn` now expects a signature `def client_fn(context: Context)`.The provided `client_fn` has signature: {'cid': <Parameter "cid: str">}. You can import the `Context` like this: `from flwr.common import Context`[32m [repeated 19x across cluster][0m
[36m(ClientAppActor pid=92741)[0m             This is a deprecated feature. It will be removed[32m [repeated 19x across cluster][0m
[36m(ClientAppActor pid=92741)[0m             entirely in future versions of Flower.[32m [repeated 19x across cluster][0m
[36m(ClientAppActor pid=92739)[0m 
[36m(ClientAppActor pid=92739)[0m         
[36m(ClientAppActor pid=92722)[0m 
[36m(ClientAppActor pid=92722)[0m         
[36m(ClientAppActor pid=92742)[0m 
[36m(ClientAppActor pid=92742)[0m         
[36m(ClientAppActor pid=92744)[0m 
[36m(ClientAppActor pid=92744)[0m         
[36m(ClientAppActor pid=92746)[0m 
[36m(ClientAppActor pid=92746)[0m         
[36m(ClientAppActor pid=92743)[0m 
[36m(ClientAppActor pid=92743)[0m         
[36m(ClientAppActor pid=92741)[0m 
[36m(ClientAppActor pid=92741)[0m         
[36m(ClientAppActor pid=92745)[0m 
[36m(ClientAppActor pid=92745)[0m         
[36m(ClientAppActor pid=92739)[0m 
[36m(ClientAppActor pid=92739)[0m         
[36m(ClientAppActor pid=92722)[0m 
[36m(ClientAppActor pid=92722)[0m         
[36m(ClientAppActor pid=92746)[0m 
[36m(ClientAppActor pid=92746)[0m         
[36m(ClientAppActor pid=92744)[0m 
[36m(ClientAppActor pid=92744)[0m         
[36m(ClientAppActor pid=92743)[0m 
[36m(ClientAppActor pid=92743)[0m         
[36m(ClientAppActor pid=92745)[0m 
[36m(ClientAppActor pid=92745)[0m         
[36m(ClientAppActor pid=92739)[0m 
[36m(ClientAppActor pid=92739)[0m         
[36m(ClientAppActor pid=92742)[0m 
[36m(ClientAppActor pid=92742)[0m         
[36m(ClientAppActor pid=92741)[0m 
[36m(ClientAppActor pid=92741)[0m         
[36m(ClientAppActor pid=92722)[0m 
[36m(ClientAppActor pid=92722)[0m         
[36m(ClientAppActor pid=92746)[0m 
[36m(ClientAppActor pid=92746)[0m         
[36m(ClientAppActor pid=92744)[0m 
[36m(ClientAppActor pid=92744)[0m         
[36m(ClientAppActor pid=92739)[0m 
[36m(ClientAppActor pid=92739)[0m         
[36m(ClientAppActor pid=92742)[0m 
[36m(ClientAppActor pid=92742)[0m         
[36m(ClientAppActor pid=92742)[0m [93mWARNING [0m:   DEPRECATED FEATURE: `client_fn` now expects a signature `def client_fn(context: Context)`.The provided `client_fn` has signature: {'cid': <Parameter "cid: str">}. You can import the `Context` like this: `from flwr.common import Context`[32m [repeated 22x across cluster][0m
[36m(ClientAppActor pid=92742)[0m             This is a deprecated feature. It will be removed[32m [repeated 22x across cluster][0m
[36m(ClientAppActor pid=92742)[0m             entirely in future versions of Flower.[32m [repeated 22x across cluster][0m
[36m(ClientAppActor pid=92722)[0m 
[36m(ClientAppActor pid=92722)[0m         
[36m(ClientAppActor pid=92741)[0m 
[36m(ClientAppActor pid=92741)[0m         
[36m(ClientAppActor pid=92743)[0m 
[36m(ClientAppActor pid=92743)[0m         
[36m(ClientAppActor pid=92739)[0m 
[36m(ClientAppActor pid=92739)[0m         
[36m(ClientAppActor pid=92744)[0m 
[36m(ClientAppActor pid=92744)[0m         
[36m(ClientAppActor pid=92746)[0m 
[36m(ClientAppActor pid=92746)[0m         
[36m(ClientAppActor pid=92722)[0m 
[36m(ClientAppActor pid=92722)[0m         
[36m(ClientAppActor pid=92742)[0m 
[36m(ClientAppActor pid=92742)[0m         
[36m(ClientAppActor pid=92745)[0m 
[36m(ClientAppActor pid=92745)[0m         
[36m(ClientAppActor pid=92739)[0m 
[36m(ClientAppActor pid=92739)[0m         
[36m(ClientAppActor pid=92722)[0m 
[36m(ClientAppActor pid=92722)[0m         
[36m(ClientAppActor pid=92744)[0m 
[36m(ClientAppActor pid=92744)[0m         
[36m(ClientAppActor pid=92741)[0m 
[36m(ClientAppActor pid=92741)[0m         
[36m(ClientAppActor pid=92743)[0m 
[36m(ClientAppActor pid=92743)[0m         
[36m(ClientAppActor pid=92742)[0m 
[36m(ClientAppActor pid=92742)[0m         
[36m(ClientAppActor pid=92722)[0m 
[36m(ClientAppActor pid=92722)[0m         
[36m(ClientAppActor pid=92746)[0m 
[36m(ClientAppActor pid=92746)[0m         
[36m(ClientAppActor pid=92739)[0m 
[36m(ClientAppActor pid=92739)[0m         
[36m(ClientAppActor pid=92745)[0m 
[36m(ClientAppActor pid=92745)[0m         
[36m(ClientAppActor pid=92745)[0m [93mWARNING [0m:   DEPRECATED FEATURE: `client_fn` now expects a signature `def client_fn(context: Context)`.The provided `client_fn` has signature: {'cid': <Parameter "cid: str">}. You can import the `Context` like this: `from flwr.common import Context`[32m [repeated 19x across cluster][0m
[36m(ClientAppActor pid=92745)[0m             This is a deprecated feature. It will be removed[32m [repeated 19x across cluster][0m
[36m(ClientAppActor pid=92745)[0m             entirely in future versions of Flower.[32m [repeated 19x across cluster][0m
[36m(ClientAppActor pid=92746)[0m 
[36m(ClientAppActor pid=92746)[0m         
[36m(ClientAppActor pid=92741)[0m 
[36m(ClientAppActor pid=92741)[0m         
[36m(ClientAppActor pid=92742)[0m 
[36m(ClientAppActor pid=92742)[0m         
[36m(ClientAppActor pid=92722)[0m 
[36m(ClientAppActor pid=92722)[0m         
[36m(ClientAppActor pid=92743)[0m 
[36m(ClientAppActor pid=92743)[0m         
[36m(ClientAppActor pid=92744)[0m 
[36m(ClientAppActor pid=92744)[0m         
[36m(ClientAppActor pid=92745)[0m 
[36m(ClientAppActor pid=92745)[0m         
[36m(ClientAppActor pid=92742)[0m 
[36m(ClientAppActor pid=92742)[0m         
[36m(ClientAppActor pid=92746)[0m 
[36m(ClientAppActor pid=92746)[0m         
[36m(ClientAppActor pid=92745)[0m 
[36m(ClientAppActor pid=92745)[0m         
[36m(ClientAppActor pid=92739)[0m 
[36m(ClientAppActor pid=92739)[0m         
[36m(ClientAppActor pid=92743)[0m 
[36m(ClientAppActor pid=92743)[0m         
[36m(ClientAppActor pid=92722)[0m 
[36m(ClientAppActor pid=92722)[0m         
[36m(ClientAppActor pid=92746)[0m 
[36m(ClientAppActor pid=92746)[0m         
[36m(ClientAppActor pid=92744)[0m 
[36m(ClientAppActor pid=92744)[0m         
[36m(ClientAppActor pid=92744)[0m [93mWARNING [0m:   DEPRECATED FEATURE: `client_fn` now expects a signature `def client_fn(context: Context)`.The provided `client_fn` has signature: {'cid': <Parameter "cid: str">}. You can import the `Context` like this: `from flwr.common import Context`[32m [repeated 15x across cluster][0m
[36m(ClientAppActor pid=92744)[0m             This is a deprecated feature. It will be removed[32m [repeated 15x across cluster][0m
[36m(ClientAppActor pid=92744)[0m             entirely in future versions of Flower.[32m [repeated 15x across cluster][0m
[36m(ClientAppActor pid=92743)[0m 
[36m(ClientAppActor pid=92743)[0m         
[36m(ClientAppActor pid=92742)[0m 
[36m(ClientAppActor pid=92742)[0m         
[92mINFO [0m:      aggregate_fit: received 100 results and 0 failures
[92mINFO [0m:      fit progress: (10, 2.0579332189195476, {'accuracy': 0.2701}, 326.28836857294664)
[92mINFO [0m:      configure_evaluate: no clients selected, skipping evaluation
[92mINFO [0m:      
[92mINFO [0m:      [ROUND 11]
[92mINFO [0m:      configure_fit: strategy sampled 100 clients (out of 100)
[36m(ClientAppActor pid=92742)[0m 
[36m(ClientAppActor pid=92742)[0m         
[36m(ClientAppActor pid=92742)[0m [93mWARNING [0m:   DEPRECATED FEATURE: `client_fn` now expects a signature `def client_fn(context: Context)`.The provided `client_fn` has signature: {'cid': <Parameter "cid: str">}. You can import the `Context` like this: `from flwr.common import Context`[32m [repeated 3x across cluster][0m
[36m(ClientAppActor pid=92742)[0m             This is a deprecated feature. It will be removed[32m [repeated 3x across cluster][0m
[36m(ClientAppActor pid=92742)[0m             entirely in future versions of Flower.[32m [repeated 3x across cluster][0m
[36m(ClientAppActor pid=92743)[0m 
[36m(ClientAppActor pid=92743)[0m         
[36m(ClientAppActor pid=92744)[0m 
[36m(ClientAppActor pid=92744)[0m         
[36m(ClientAppActor pid=92741)[0m 
[36m(ClientAppActor pid=92741)[0m         
[36m(ClientAppActor pid=92722)[0m 
[36m(ClientAppActor pid=92722)[0m         
[36m(ClientAppActor pid=92746)[0m 
[36m(ClientAppActor pid=92746)[0m         
[36m(ClientAppActor pid=92745)[0m 
[36m(ClientAppActor pid=92745)[0m         
[36m(ClientAppActor pid=92739)[0m 
[36m(ClientAppActor pid=92739)[0m         
[36m(ClientAppActor pid=92743)[0m 
[36m(ClientAppActor pid=92743)[0m         
[36m(ClientAppActor pid=92741)[0m 
[36m(ClientAppActor pid=92741)[0m         
[36m(ClientAppActor pid=92739)[0m 
[36m(ClientAppActor pid=92739)[0m         
[36m(ClientAppActor pid=92722)[0m 
[36m(ClientAppActor pid=92722)[0m         
[36m(ClientAppActor pid=92746)[0m 
[36m(ClientAppActor pid=92746)[0m         
[36m(ClientAppActor pid=92742)[0m 
[36m(ClientAppActor pid=92742)[0m         
[36m(ClientAppActor pid=92745)[0m 
[36m(ClientAppActor pid=92745)[0m         
[36m(ClientAppActor pid=92746)[0m 
[36m(ClientAppActor pid=92746)[0m         
[36m(ClientAppActor pid=92744)[0m 
[36m(ClientAppActor pid=92744)[0m         
[36m(ClientAppActor pid=92722)[0m 
[36m(ClientAppActor pid=92722)[0m         
[36m(ClientAppActor pid=92742)[0m 
[36m(ClientAppActor pid=92742)[0m         
[36m(ClientAppActor pid=92745)[0m 
[36m(ClientAppActor pid=92745)[0m         
[36m(ClientAppActor pid=92741)[0m 
[36m(ClientAppActor pid=92741)[0m         
[36m(ClientAppActor pid=92743)[0m 
[36m(ClientAppActor pid=92743)[0m         
[36m(ClientAppActor pid=92746)[0m 
[36m(ClientAppActor pid=92746)[0m         
[36m(ClientAppActor pid=92746)[0m [93mWARNING [0m:   DEPRECATED FEATURE: `client_fn` now expects a signature `def client_fn(context: Context)`.The provided `client_fn` has signature: {'cid': <Parameter "cid: str">}. You can import the `Context` like this: `from flwr.common import Context`[32m [repeated 22x across cluster][0m
[36m(ClientAppActor pid=92746)[0m             This is a deprecated feature. It will be removed[32m [repeated 22x across cluster][0m
[36m(ClientAppActor pid=92746)[0m             entirely in future versions of Flower.[32m [repeated 22x across cluster][0m
[36m(ClientAppActor pid=92742)[0m 
[36m(ClientAppActor pid=92742)[0m         
[36m(ClientAppActor pid=92743)[0m 
[36m(ClientAppActor pid=92743)[0m         
[36m(ClientAppActor pid=92744)[0m 
[36m(ClientAppActor pid=92744)[0m         
[36m(ClientAppActor pid=92739)[0m 
[36m(ClientAppActor pid=92739)[0m         
[36m(ClientAppActor pid=92722)[0m 
[36m(ClientAppActor pid=92722)[0m         
[36m(ClientAppActor pid=92746)[0m 
[36m(ClientAppActor pid=92746)[0m         
[36m(ClientAppActor pid=92741)[0m 
[36m(ClientAppActor pid=92741)[0m         
[36m(ClientAppActor pid=92745)[0m 
[36m(ClientAppActor pid=92745)[0m         
[36m(ClientAppActor pid=92743)[0m 
[36m(ClientAppActor pid=92743)[0m         
[36m(ClientAppActor pid=92739)[0m 
[36m(ClientAppActor pid=92739)[0m         
[36m(ClientAppActor pid=92746)[0m 
[36m(ClientAppActor pid=92746)[0m         
[36m(ClientAppActor pid=92744)[0m 
[36m(ClientAppActor pid=92744)[0m         
[36m(ClientAppActor pid=92722)[0m 
[36m(ClientAppActor pid=92722)[0m         
[36m(ClientAppActor pid=92745)[0m 
[36m(ClientAppActor pid=92745)[0m         
[36m(ClientAppActor pid=92742)[0m 
[36m(ClientAppActor pid=92742)[0m         
[36m(ClientAppActor pid=92744)[0m 
[36m(ClientAppActor pid=92744)[0m         
[36m(ClientAppActor pid=92741)[0m 
[36m(ClientAppActor pid=92741)[0m         
[36m(ClientAppActor pid=92739)[0m 
[36m(ClientAppActor pid=92739)[0m         
[36m(ClientAppActor pid=92743)[0m 
[36m(ClientAppActor pid=92743)[0m         
[36m(ClientAppActor pid=92745)[0m 
[36m(ClientAppActor pid=92745)[0m         
[36m(ClientAppActor pid=92745)[0m [93mWARNING [0m:   DEPRECATED FEATURE: `client_fn` now expects a signature `def client_fn(context: Context)`.The provided `client_fn` has signature: {'cid': <Parameter "cid: str">}. You can import the `Context` like this: `from flwr.common import Context`[32m [repeated 20x across cluster][0m
[36m(ClientAppActor pid=92745)[0m             This is a deprecated feature. It will be removed[32m [repeated 20x across cluster][0m
[36m(ClientAppActor pid=92745)[0m             entirely in future versions of Flower.[32m [repeated 20x across cluster][0m
[36m(ClientAppActor pid=92722)[0m 
[36m(ClientAppActor pid=92722)[0m         
[36m(ClientAppActor pid=92746)[0m 
[36m(ClientAppActor pid=92746)[0m         
[36m(ClientAppActor pid=92739)[0m 
[36m(ClientAppActor pid=92739)[0m         
[36m(ClientAppActor pid=92742)[0m 
[36m(ClientAppActor pid=92742)[0m         
[36m(ClientAppActor pid=92743)[0m 
[36m(ClientAppActor pid=92743)[0m         
[36m(ClientAppActor pid=92741)[0m 
[36m(ClientAppActor pid=92741)[0m         
[36m(ClientAppActor pid=92745)[0m 
[36m(ClientAppActor pid=92745)[0m         
[36m(ClientAppActor pid=92739)[0m 
[36m(ClientAppActor pid=92739)[0m         
[36m(ClientAppActor pid=92722)[0m 
[36m(ClientAppActor pid=92722)[0m         
[36m(ClientAppActor pid=92746)[0m 
[36m(ClientAppActor pid=92746)[0m         
[36m(ClientAppActor pid=92742)[0m 
[36m(ClientAppActor pid=92742)[0m         
[36m(ClientAppActor pid=92744)[0m 
[36m(ClientAppActor pid=92744)[0m         
[36m(ClientAppActor pid=92741)[0m 
[36m(ClientAppActor pid=92741)[0m         
[36m(ClientAppActor pid=92743)[0m 
[36m(ClientAppActor pid=92743)[0m         
[36m(ClientAppActor pid=92746)[0m 
[36m(ClientAppActor pid=92746)[0m         
[36m(ClientAppActor pid=92739)[0m 
[36m(ClientAppActor pid=92739)[0m         
[36m(ClientAppActor pid=92742)[0m 
[36m(ClientAppActor pid=92742)[0m         
[36m(ClientAppActor pid=92741)[0m 
[36m(ClientAppActor pid=92741)[0m         
[36m(ClientAppActor pid=92745)[0m 
[36m(ClientAppActor pid=92745)[0m         
[36m(ClientAppActor pid=92739)[0m 
[36m(ClientAppActor pid=92739)[0m         
[36m(ClientAppActor pid=92739)[0m [93mWARNING [0m:   DEPRECATED FEATURE: `client_fn` now expects a signature `def client_fn(context: Context)`.The provided `client_fn` has signature: {'cid': <Parameter "cid: str">}. You can import the `Context` like this: `from flwr.common import Context`[32m [repeated 20x across cluster][0m
[36m(ClientAppActor pid=92739)[0m             This is a deprecated feature. It will be removed[32m [repeated 20x across cluster][0m
[36m(ClientAppActor pid=92739)[0m             entirely in future versions of Flower.[32m [repeated 20x across cluster][0m
[36m(ClientAppActor pid=92722)[0m 
[36m(ClientAppActor pid=92722)[0m         
[36m(ClientAppActor pid=92743)[0m 
[36m(ClientAppActor pid=92743)[0m         
[36m(ClientAppActor pid=92744)[0m 
[36m(ClientAppActor pid=92744)[0m         
[36m(ClientAppActor pid=92746)[0m 
[36m(ClientAppActor pid=92746)[0m         
[36m(ClientAppActor pid=92745)[0m 
[36m(ClientAppActor pid=92745)[0m         
[36m(ClientAppActor pid=92742)[0m 
[36m(ClientAppActor pid=92742)[0m         
[36m(ClientAppActor pid=92722)[0m 
[36m(ClientAppActor pid=92722)[0m         
[36m(ClientAppActor pid=92744)[0m 
[36m(ClientAppActor pid=92744)[0m         
[36m(ClientAppActor pid=92745)[0m 
[36m(ClientAppActor pid=92745)[0m         
[36m(ClientAppActor pid=92739)[0m 
[36m(ClientAppActor pid=92739)[0m         
[36m(ClientAppActor pid=92746)[0m 
[36m(ClientAppActor pid=92746)[0m         
[36m(ClientAppActor pid=92742)[0m 
[36m(ClientAppActor pid=92742)[0m         
[36m(ClientAppActor pid=92743)[0m 
[36m(ClientAppActor pid=92743)[0m         
[36m(ClientAppActor pid=92744)[0m 
[36m(ClientAppActor pid=92744)[0m         
[36m(ClientAppActor pid=92722)[0m 
[36m(ClientAppActor pid=92722)[0m         
[36m(ClientAppActor pid=92742)[0m 
[36m(ClientAppActor pid=92742)[0m         
[36m(ClientAppActor pid=92741)[0m 
[36m(ClientAppActor pid=92741)[0m         
[36m(ClientAppActor pid=92745)[0m 
[36m(ClientAppActor pid=92745)[0m         
[36m(ClientAppActor pid=92745)[0m [93mWARNING [0m:   DEPRECATED FEATURE: `client_fn` now expects a signature `def client_fn(context: Context)`.The provided `client_fn` has signature: {'cid': <Parameter "cid: str">}. You can import the `Context` like this: `from flwr.common import Context`[32m [repeated 18x across cluster][0m
[36m(ClientAppActor pid=92745)[0m             This is a deprecated feature. It will be removed[32m [repeated 18x across cluster][0m
[36m(ClientAppActor pid=92745)[0m             entirely in future versions of Flower.[32m [repeated 18x across cluster][0m
[36m(ClientAppActor pid=92745)[0m 
[36m(ClientAppActor pid=92745)[0m         
[36m(ClientAppActor pid=92746)[0m 
[36m(ClientAppActor pid=92746)[0m         
[36m(ClientAppActor pid=92742)[0m 
[36m(ClientAppActor pid=92742)[0m         
[36m(ClientAppActor pid=92739)[0m 
[36m(ClientAppActor pid=92739)[0m         
[36m(ClientAppActor pid=92743)[0m 
[36m(ClientAppActor pid=92743)[0m         
[36m(ClientAppActor pid=92744)[0m 
[36m(ClientAppActor pid=92744)[0m         
[36m(ClientAppActor pid=92741)[0m 
[36m(ClientAppActor pid=92741)[0m         
[36m(ClientAppActor pid=92722)[0m 
[36m(ClientAppActor pid=92722)[0m         
[36m(ClientAppActor pid=92746)[0m 
[36m(ClientAppActor pid=92746)[0m         
[36m(ClientAppActor pid=92741)[0m 
[36m(ClientAppActor pid=92741)[0m         
[36m(ClientAppActor pid=92745)[0m 
[36m(ClientAppActor pid=92745)[0m         
[36m(ClientAppActor pid=92744)[0m 
[36m(ClientAppActor pid=92744)[0m         
[36m(ClientAppActor pid=92739)[0m 
[36m(ClientAppActor pid=92739)[0m         
[36m(ClientAppActor pid=92722)[0m 
[36m(ClientAppActor pid=92722)[0m         
[36m(ClientAppActor pid=92742)[0m 
[36m(ClientAppActor pid=92742)[0m         
[36m(ClientAppActor pid=92741)[0m 
[36m(ClientAppActor pid=92741)[0m         
[36m(ClientAppActor pid=92743)[0m 
[36m(ClientAppActor pid=92743)[0m         
[36m(ClientAppActor pid=92746)[0m 
[36m(ClientAppActor pid=92746)[0m         
[36m(ClientAppActor pid=92746)[0m [93mWARNING [0m:   DEPRECATED FEATURE: `client_fn` now expects a signature `def client_fn(context: Context)`.The provided `client_fn` has signature: {'cid': <Parameter "cid: str">}. You can import the `Context` like this: `from flwr.common import Context`[32m [repeated 18x across cluster][0m
[36m(ClientAppActor pid=92746)[0m             This is a deprecated feature. It will be removed[32m [repeated 18x across cluster][0m
[36m(ClientAppActor pid=92746)[0m             entirely in future versions of Flower.[32m [repeated 18x across cluster][0m
[36m(ClientAppActor pid=92745)[0m 
[36m(ClientAppActor pid=92745)[0m         
[92mINFO [0m:      aggregate_fit: received 100 results and 0 failures
[92mINFO [0m:      fit progress: (11, 2.0365631398122024, {'accuracy': 0.2756}, 357.66950196865946)
[92mINFO [0m:      configure_evaluate: no clients selected, skipping evaluation
[92mINFO [0m:      
[92mINFO [0m:      [ROUND 12]
[92mINFO [0m:      configure_fit: strategy sampled 100 clients (out of 100)
[36m(ClientAppActor pid=92741)[0m 
[36m(ClientAppActor pid=92741)[0m         
[36m(ClientAppActor pid=92741)[0m [93mWARNING [0m:   DEPRECATED FEATURE: `client_fn` now expects a signature `def client_fn(context: Context)`.The provided `client_fn` has signature: {'cid': <Parameter "cid: str">}. You can import the `Context` like this: `from flwr.common import Context`[32m [repeated 2x across cluster][0m
[36m(ClientAppActor pid=92741)[0m             This is a deprecated feature. It will be removed[32m [repeated 2x across cluster][0m
[36m(ClientAppActor pid=92741)[0m             entirely in future versions of Flower.[32m [repeated 2x across cluster][0m
[36m(ClientAppActor pid=92722)[0m 
[36m(ClientAppActor pid=92722)[0m         
[36m(ClientAppActor pid=92746)[0m 
[36m(ClientAppActor pid=92746)[0m         
[36m(ClientAppActor pid=92742)[0m 
[36m(ClientAppActor pid=92742)[0m         
[36m(ClientAppActor pid=92743)[0m 
[36m(ClientAppActor pid=92743)[0m         
[36m(ClientAppActor pid=92744)[0m 
[36m(ClientAppActor pid=92744)[0m         
[36m(ClientAppActor pid=92745)[0m 
[36m(ClientAppActor pid=92745)[0m         
[36m(ClientAppActor pid=92739)[0m 
[36m(ClientAppActor pid=92739)[0m         
[36m(ClientAppActor pid=92722)[0m 
[36m(ClientAppActor pid=92722)[0m         
[36m(ClientAppActor pid=92745)[0m 
[36m(ClientAppActor pid=92745)[0m         
[36m(ClientAppActor pid=92741)[0m 
[36m(ClientAppActor pid=92741)[0m         
[36m(ClientAppActor pid=92742)[0m 
[36m(ClientAppActor pid=92742)[0m         
[36m(ClientAppActor pid=92744)[0m 
[36m(ClientAppActor pid=92744)[0m         
[36m(ClientAppActor pid=92743)[0m 
[36m(ClientAppActor pid=92743)[0m         
[36m(ClientAppActor pid=92739)[0m 
[36m(ClientAppActor pid=92739)[0m         
[36m(ClientAppActor pid=92722)[0m 
[36m(ClientAppActor pid=92722)[0m         
[36m(ClientAppActor pid=92745)[0m 
[36m(ClientAppActor pid=92745)[0m         
[36m(ClientAppActor pid=92746)[0m 
[36m(ClientAppActor pid=92746)[0m         
[36m(ClientAppActor pid=92742)[0m 
[36m(ClientAppActor pid=92742)[0m         
[36m(ClientAppActor pid=92741)[0m 
[36m(ClientAppActor pid=92741)[0m         
[36m(ClientAppActor pid=92745)[0m 
[36m(ClientAppActor pid=92745)[0m         
[36m(ClientAppActor pid=92743)[0m 
[36m(ClientAppActor pid=92743)[0m         
[36m(ClientAppActor pid=92743)[0m [93mWARNING [0m:   DEPRECATED FEATURE: `client_fn` now expects a signature `def client_fn(context: Context)`.The provided `client_fn` has signature: {'cid': <Parameter "cid: str">}. You can import the `Context` like this: `from flwr.common import Context`[32m [repeated 21x across cluster][0m
[36m(ClientAppActor pid=92743)[0m             This is a deprecated feature. It will be removed[32m [repeated 21x across cluster][0m
[36m(ClientAppActor pid=92743)[0m             entirely in future versions of Flower.[32m [repeated 21x across cluster][0m
[36m(ClientAppActor pid=92739)[0m 
[36m(ClientAppActor pid=92739)[0m         
[36m(ClientAppActor pid=92745)[0m 
[36m(ClientAppActor pid=92745)[0m         
[36m(ClientAppActor pid=92746)[0m 
[36m(ClientAppActor pid=92746)[0m         
[36m(ClientAppActor pid=92722)[0m 
[36m(ClientAppActor pid=92722)[0m         
[36m(ClientAppActor pid=92744)[0m 
[36m(ClientAppActor pid=92744)[0m         
[36m(ClientAppActor pid=92742)[0m 
[36m(ClientAppActor pid=92742)[0m         
[36m(ClientAppActor pid=92744)[0m 
[36m(ClientAppActor pid=92744)[0m         
[36m(ClientAppActor pid=92739)[0m 
[36m(ClientAppActor pid=92739)[0m         
[36m(ClientAppActor pid=92743)[0m 
[36m(ClientAppActor pid=92743)[0m         
[36m(ClientAppActor pid=92741)[0m 
[36m(ClientAppActor pid=92741)[0m         
[36m(ClientAppActor pid=92745)[0m 
[36m(ClientAppActor pid=92745)[0m         
[36m(ClientAppActor pid=92746)[0m 
[36m(ClientAppActor pid=92746)[0m         
[36m(ClientAppActor pid=92722)[0m 
[36m(ClientAppActor pid=92722)[0m         
[36m(ClientAppActor pid=92742)[0m 
[36m(ClientAppActor pid=92742)[0m         
[36m(ClientAppActor pid=92739)[0m 
[36m(ClientAppActor pid=92739)[0m         
[36m(ClientAppActor pid=92741)[0m 
[36m(ClientAppActor pid=92741)[0m         
[36m(ClientAppActor pid=92746)[0m 
[36m(ClientAppActor pid=92746)[0m         
[36m(ClientAppActor pid=92739)[0m 
[36m(ClientAppActor pid=92739)[0m         
[36m(ClientAppActor pid=92722)[0m 
[36m(ClientAppActor pid=92722)[0m         
[36m(ClientAppActor pid=92722)[0m [93mWARNING [0m:   DEPRECATED FEATURE: `client_fn` now expects a signature `def client_fn(context: Context)`.The provided `client_fn` has signature: {'cid': <Parameter "cid: str">}. You can import the `Context` like this: `from flwr.common import Context`[32m [repeated 19x across cluster][0m
[36m(ClientAppActor pid=92722)[0m             This is a deprecated feature. It will be removed[32m [repeated 19x across cluster][0m
[36m(ClientAppActor pid=92722)[0m             entirely in future versions of Flower.[32m [repeated 19x across cluster][0m
[36m(ClientAppActor pid=92743)[0m 
[36m(ClientAppActor pid=92743)[0m         
[36m(ClientAppActor pid=92741)[0m 
[36m(ClientAppActor pid=92741)[0m         
[36m(ClientAppActor pid=92744)[0m 
[36m(ClientAppActor pid=92744)[0m         
[36m(ClientAppActor pid=92742)[0m 
[36m(ClientAppActor pid=92742)[0m         
[36m(ClientAppActor pid=92743)[0m 
[36m(ClientAppActor pid=92743)[0m         
[36m(ClientAppActor pid=92746)[0m 
[36m(ClientAppActor pid=92746)[0m         
[36m(ClientAppActor pid=92722)[0m 
[36m(ClientAppActor pid=92722)[0m         
[36m(ClientAppActor pid=92741)[0m 
[36m(ClientAppActor pid=92741)[0m         
[36m(ClientAppActor pid=92745)[0m 
[36m(ClientAppActor pid=92745)[0m         
[36m(ClientAppActor pid=92742)[0m 
[36m(ClientAppActor pid=92742)[0m         
[36m(ClientAppActor pid=92744)[0m 
[36m(ClientAppActor pid=92744)[0m         
[36m(ClientAppActor pid=92739)[0m 
[36m(ClientAppActor pid=92739)[0m         
[36m(ClientAppActor pid=92743)[0m 
[36m(ClientAppActor pid=92743)[0m         
[36m(ClientAppActor pid=92741)[0m 
[36m(ClientAppActor pid=92741)[0m         
[36m(ClientAppActor pid=92722)[0m 
[36m(ClientAppActor pid=92722)[0m         
[36m(ClientAppActor pid=92742)[0m 
[36m(ClientAppActor pid=92742)[0m         
[36m(ClientAppActor pid=92746)[0m 
[36m(ClientAppActor pid=92746)[0m         
[36m(ClientAppActor pid=92746)[0m [93mWARNING [0m:   DEPRECATED FEATURE: `client_fn` now expects a signature `def client_fn(context: Context)`.The provided `client_fn` has signature: {'cid': <Parameter "cid: str">}. You can import the `Context` like this: `from flwr.common import Context`[32m [repeated 17x across cluster][0m
[36m(ClientAppActor pid=92746)[0m             This is a deprecated feature. It will be removed[32m [repeated 17x across cluster][0m
[36m(ClientAppActor pid=92746)[0m             entirely in future versions of Flower.[32m [repeated 17x across cluster][0m
[36m(ClientAppActor pid=92739)[0m 
[36m(ClientAppActor pid=92739)[0m         
[36m(ClientAppActor pid=92745)[0m 
[36m(ClientAppActor pid=92745)[0m         
[36m(ClientAppActor pid=92744)[0m 
[36m(ClientAppActor pid=92744)[0m         
[36m(ClientAppActor pid=92743)[0m 
[36m(ClientAppActor pid=92743)[0m         
[36m(ClientAppActor pid=92741)[0m 
[36m(ClientAppActor pid=92741)[0m         
[36m(ClientAppActor pid=92742)[0m 
[36m(ClientAppActor pid=92742)[0m         
[36m(ClientAppActor pid=92722)[0m 
[36m(ClientAppActor pid=92722)[0m         
[36m(ClientAppActor pid=92746)[0m 
[36m(ClientAppActor pid=92746)[0m         
[36m(ClientAppActor pid=92745)[0m 
[36m(ClientAppActor pid=92745)[0m         
[36m(ClientAppActor pid=92744)[0m 
[36m(ClientAppActor pid=92744)[0m         
[36m(ClientAppActor pid=92739)[0m 
[36m(ClientAppActor pid=92739)[0m         
[36m(ClientAppActor pid=92741)[0m 
[36m(ClientAppActor pid=92741)[0m         
[36m(ClientAppActor pid=92743)[0m 
[36m(ClientAppActor pid=92743)[0m         
[36m(ClientAppActor pid=92742)[0m 
[36m(ClientAppActor pid=92742)[0m         
[36m(ClientAppActor pid=92746)[0m 
[36m(ClientAppActor pid=92746)[0m         
[36m(ClientAppActor pid=92741)[0m 
[36m(ClientAppActor pid=92741)[0m         
[36m(ClientAppActor pid=92722)[0m 
[36m(ClientAppActor pid=92722)[0m         
[36m(ClientAppActor pid=92745)[0m 
[36m(ClientAppActor pid=92745)[0m         
[36m(ClientAppActor pid=92739)[0m 
[36m(ClientAppActor pid=92739)[0m         
[36m(ClientAppActor pid=92744)[0m 
[36m(ClientAppActor pid=92744)[0m         
[36m(ClientAppActor pid=92744)[0m [93mWARNING [0m:   DEPRECATED FEATURE: `client_fn` now expects a signature `def client_fn(context: Context)`.The provided `client_fn` has signature: {'cid': <Parameter "cid: str">}. You can import the `Context` like this: `from flwr.common import Context`[32m [repeated 20x across cluster][0m
[36m(ClientAppActor pid=92744)[0m             This is a deprecated feature. It will be removed[32m [repeated 20x across cluster][0m
[36m(ClientAppActor pid=92744)[0m             entirely in future versions of Flower.[32m [repeated 20x across cluster][0m
[36m(ClientAppActor pid=92743)[0m 
[36m(ClientAppActor pid=92743)[0m         
[36m(ClientAppActor pid=92722)[0m 
[36m(ClientAppActor pid=92722)[0m         
[36m(ClientAppActor pid=92741)[0m 
[36m(ClientAppActor pid=92741)[0m         
[36m(ClientAppActor pid=92746)[0m 
[36m(ClientAppActor pid=92746)[0m         
[36m(ClientAppActor pid=92745)[0m 
[36m(ClientAppActor pid=92745)[0m         
[36m(ClientAppActor pid=92739)[0m 
[36m(ClientAppActor pid=92739)[0m         
[36m(ClientAppActor pid=92722)[0m 
[36m(ClientAppActor pid=92722)[0m         
[36m(ClientAppActor pid=92742)[0m 
[36m(ClientAppActor pid=92742)[0m         
[36m(ClientAppActor pid=92743)[0m 
[36m(ClientAppActor pid=92743)[0m         
[36m(ClientAppActor pid=92746)[0m 
[36m(ClientAppActor pid=92746)[0m         
[36m(ClientAppActor pid=92745)[0m 
[36m(ClientAppActor pid=92745)[0m         
[36m(ClientAppActor pid=92741)[0m 
[36m(ClientAppActor pid=92741)[0m         
[36m(ClientAppActor pid=92744)[0m 
[36m(ClientAppActor pid=92744)[0m         
[36m(ClientAppActor pid=92746)[0m 
[36m(ClientAppActor pid=92746)[0m         
[36m(ClientAppActor pid=92739)[0m 
[36m(ClientAppActor pid=92739)[0m         
[36m(ClientAppActor pid=92722)[0m 
[36m(ClientAppActor pid=92722)[0m         
[36m(ClientAppActor pid=92743)[0m 
[36m(ClientAppActor pid=92743)[0m         
[36m(ClientAppActor pid=92742)[0m 
[36m(ClientAppActor pid=92742)[0m         
[36m(ClientAppActor pid=92741)[0m 
[36m(ClientAppActor pid=92741)[0m         
[36m(ClientAppActor pid=92722)[0m 
[36m(ClientAppActor pid=92722)[0m         
[36m(ClientAppActor pid=92722)[0m [93mWARNING [0m:   DEPRECATED FEATURE: `client_fn` now expects a signature `def client_fn(context: Context)`.The provided `client_fn` has signature: {'cid': <Parameter "cid: str">}. You can import the `Context` like this: `from flwr.common import Context`[32m [repeated 20x across cluster][0m
[36m(ClientAppActor pid=92722)[0m             This is a deprecated feature. It will be removed[32m [repeated 20x across cluster][0m
[36m(ClientAppActor pid=92722)[0m             entirely in future versions of Flower.[32m [repeated 20x across cluster][0m
[36m(ClientAppActor pid=92745)[0m 
[36m(ClientAppActor pid=92745)[0m         
[36m(ClientAppActor pid=92741)[0m 
[36m(ClientAppActor pid=92741)[0m         
[92mINFO [0m:      aggregate_fit: received 100 results and 0 failures
[92mINFO [0m:      fit progress: (12, 2.0167994947190495, {'accuracy': 0.2875}, 392.2639227276668)
[92mINFO [0m:      configure_evaluate: no clients selected, skipping evaluation
[92mINFO [0m:      
[92mINFO [0m:      [ROUND 13]
[92mINFO [0m:      configure_fit: strategy sampled 100 clients (out of 100)
[36m(ClientAppActor pid=92741)[0m 
[36m(ClientAppActor pid=92741)[0m         
[36m(ClientAppActor pid=92741)[0m [93mWARNING [0m:   DEPRECATED FEATURE: `client_fn` now expects a signature `def client_fn(context: Context)`.The provided `client_fn` has signature: {'cid': <Parameter "cid: str">}. You can import the `Context` like this: `from flwr.common import Context`[32m [repeated 3x across cluster][0m
[36m(ClientAppActor pid=92741)[0m             This is a deprecated feature. It will be removed[32m [repeated 3x across cluster][0m
[36m(ClientAppActor pid=92741)[0m             entirely in future versions of Flower.[32m [repeated 3x across cluster][0m
[36m(ClientAppActor pid=92722)[0m 
[36m(ClientAppActor pid=92722)[0m         
[36m(ClientAppActor pid=92746)[0m 
[36m(ClientAppActor pid=92746)[0m         
[36m(ClientAppActor pid=92742)[0m 
[36m(ClientAppActor pid=92742)[0m         
[36m(ClientAppActor pid=92743)[0m 
[36m(ClientAppActor pid=92743)[0m         
[36m(ClientAppActor pid=92744)[0m 
[36m(ClientAppActor pid=92744)[0m         
[36m(ClientAppActor pid=92745)[0m 
[36m(ClientAppActor pid=92745)[0m         
[36m(ClientAppActor pid=92739)[0m 
[36m(ClientAppActor pid=92739)[0m         
[36m(ClientAppActor pid=92739)[0m 
[36m(ClientAppActor pid=92739)[0m         
[36m(ClientAppActor pid=92742)[0m 
[36m(ClientAppActor pid=92742)[0m         
[36m(ClientAppActor pid=92741)[0m 
[36m(ClientAppActor pid=92741)[0m         
[36m(ClientAppActor pid=92744)[0m 
[36m(ClientAppActor pid=92744)[0m         
[36m(ClientAppActor pid=92745)[0m 
[36m(ClientAppActor pid=92745)[0m         
[36m(ClientAppActor pid=92722)[0m 
[36m(ClientAppActor pid=92722)[0m         
[36m(ClientAppActor pid=92743)[0m 
[36m(ClientAppActor pid=92743)[0m         
[36m(ClientAppActor pid=92746)[0m 
[36m(ClientAppActor pid=92746)[0m         
[36m(ClientAppActor pid=92739)[0m 
[36m(ClientAppActor pid=92739)[0m         
[36m(ClientAppActor pid=92741)[0m 
[36m(ClientAppActor pid=92741)[0m         
[36m(ClientAppActor pid=92744)[0m 
[36m(ClientAppActor pid=92744)[0m         
[36m(ClientAppActor pid=92746)[0m 
[36m(ClientAppActor pid=92746)[0m         
[36m(ClientAppActor pid=92722)[0m 
[36m(ClientAppActor pid=92722)[0m         
[36m(ClientAppActor pid=92743)[0m 
[36m(ClientAppActor pid=92743)[0m         
[36m(ClientAppActor pid=92742)[0m 
[36m(ClientAppActor pid=92742)[0m         
[36m(ClientAppActor pid=92745)[0m 
[36m(ClientAppActor pid=92745)[0m         
[36m(ClientAppActor pid=92745)[0m [93mWARNING [0m:   DEPRECATED FEATURE: `client_fn` now expects a signature `def client_fn(context: Context)`.The provided `client_fn` has signature: {'cid': <Parameter "cid: str">}. You can import the `Context` like this: `from flwr.common import Context`[32m [repeated 23x across cluster][0m
[36m(ClientAppActor pid=92745)[0m             This is a deprecated feature. It will be removed[32m [repeated 23x across cluster][0m
[36m(ClientAppActor pid=92745)[0m             entirely in future versions of Flower.[32m [repeated 23x across cluster][0m
[36m(ClientAppActor pid=92743)[0m 
[36m(ClientAppActor pid=92743)[0m         
[36m(ClientAppActor pid=92739)[0m 
[36m(ClientAppActor pid=92739)[0m         
[36m(ClientAppActor pid=92742)[0m 
[36m(ClientAppActor pid=92742)[0m         
[36m(ClientAppActor pid=92722)[0m 
[36m(ClientAppActor pid=92722)[0m         
[36m(ClientAppActor pid=92741)[0m 
[36m(ClientAppActor pid=92741)[0m         
[36m(ClientAppActor pid=92746)[0m 
[36m(ClientAppActor pid=92746)[0m         
[36m(ClientAppActor pid=92743)[0m 
[36m(ClientAppActor pid=92743)[0m         
[36m(ClientAppActor pid=92744)[0m 
[36m(ClientAppActor pid=92744)[0m         
[36m(ClientAppActor pid=92742)[0m 
[36m(ClientAppActor pid=92742)[0m         
[36m(ClientAppActor pid=92745)[0m 
[36m(ClientAppActor pid=92745)[0m         
[36m(ClientAppActor pid=92739)[0m 
[36m(ClientAppActor pid=92739)[0m         
[36m(ClientAppActor pid=92741)[0m 
[36m(ClientAppActor pid=92741)[0m         
[36m(ClientAppActor pid=92722)[0m 
[36m(ClientAppActor pid=92722)[0m         
[36m(ClientAppActor pid=92742)[0m 
[36m(ClientAppActor pid=92742)[0m         
[36m(ClientAppActor pid=92744)[0m 
[36m(ClientAppActor pid=92744)[0m         
[36m(ClientAppActor pid=92743)[0m 
[36m(ClientAppActor pid=92743)[0m         
[36m(ClientAppActor pid=92746)[0m 
[36m(ClientAppActor pid=92746)[0m         
[36m(ClientAppActor pid=92722)[0m 
[36m(ClientAppActor pid=92722)[0m         
[36m(ClientAppActor pid=92745)[0m 
[36m(ClientAppActor pid=92745)[0m         
[36m(ClientAppActor pid=92739)[0m 
[36m(ClientAppActor pid=92739)[0m         
[36m(ClientAppActor pid=92741)[0m 
[36m(ClientAppActor pid=92741)[0m         
[36m(ClientAppActor pid=92741)[0m [93mWARNING [0m:   DEPRECATED FEATURE: `client_fn` now expects a signature `def client_fn(context: Context)`.The provided `client_fn` has signature: {'cid': <Parameter "cid: str">}. You can import the `Context` like this: `from flwr.common import Context`[32m [repeated 21x across cluster][0m
[36m(ClientAppActor pid=92741)[0m             This is a deprecated feature. It will be removed[32m [repeated 21x across cluster][0m
[36m(ClientAppActor pid=92741)[0m             entirely in future versions of Flower.[32m [repeated 21x across cluster][0m
[36m(ClientAppActor pid=92746)[0m 
[36m(ClientAppActor pid=92746)[0m         
[36m(ClientAppActor pid=92743)[0m 
[36m(ClientAppActor pid=92743)[0m         
[36m(ClientAppActor pid=92742)[0m 
[36m(ClientAppActor pid=92742)[0m         
[36m(ClientAppActor pid=92722)[0m 
[36m(ClientAppActor pid=92722)[0m         
[36m(ClientAppActor pid=92741)[0m 
[36m(ClientAppActor pid=92741)[0m         
[36m(ClientAppActor pid=92745)[0m 
[36m(ClientAppActor pid=92745)[0m         
[36m(ClientAppActor pid=92743)[0m 
[36m(ClientAppActor pid=92743)[0m         
[36m(ClientAppActor pid=92744)[0m 
[36m(ClientAppActor pid=92744)[0m         
[36m(ClientAppActor pid=92722)[0m 
[36m(ClientAppActor pid=92722)[0m         
[36m(ClientAppActor pid=92742)[0m 
[36m(ClientAppActor pid=92742)[0m         
[36m(ClientAppActor pid=92746)[0m 
[36m(ClientAppActor pid=92746)[0m         
[36m(ClientAppActor pid=92744)[0m 
[36m(ClientAppActor pid=92744)[0m         
[36m(ClientAppActor pid=92743)[0m 
[36m(ClientAppActor pid=92743)[0m         
[36m(ClientAppActor pid=92745)[0m 
[36m(ClientAppActor pid=92745)[0m         
[36m(ClientAppActor pid=92722)[0m 
[36m(ClientAppActor pid=92722)[0m         
[36m(ClientAppActor pid=92739)[0m 
[36m(ClientAppActor pid=92739)[0m         
[36m(ClientAppActor pid=92741)[0m 
[36m(ClientAppActor pid=92741)[0m         
[36m(ClientAppActor pid=92722)[0m 
[36m(ClientAppActor pid=92722)[0m         
[36m(ClientAppActor pid=92722)[0m [93mWARNING [0m:   DEPRECATED FEATURE: `client_fn` now expects a signature `def client_fn(context: Context)`.The provided `client_fn` has signature: {'cid': <Parameter "cid: str">}. You can import the `Context` like this: `from flwr.common import Context`[32m [repeated 18x across cluster][0m
[36m(ClientAppActor pid=92722)[0m             This is a deprecated feature. It will be removed[32m [repeated 18x across cluster][0m
[36m(ClientAppActor pid=92722)[0m             entirely in future versions of Flower.[32m [repeated 18x across cluster][0m
[36m(ClientAppActor pid=92746)[0m 
[36m(ClientAppActor pid=92746)[0m         
[36m(ClientAppActor pid=92742)[0m 
[36m(ClientAppActor pid=92742)[0m         
[36m(ClientAppActor pid=92743)[0m 
[36m(ClientAppActor pid=92743)[0m         
[36m(ClientAppActor pid=92744)[0m 
[36m(ClientAppActor pid=92744)[0m         
[36m(ClientAppActor pid=92745)[0m 
[36m(ClientAppActor pid=92745)[0m         
[36m(ClientAppActor pid=92739)[0m 
[36m(ClientAppActor pid=92739)[0m         
[36m(ClientAppActor pid=92741)[0m 
[36m(ClientAppActor pid=92741)[0m         
[36m(ClientAppActor pid=92742)[0m 
[36m(ClientAppActor pid=92742)[0m         
[36m(ClientAppActor pid=92746)[0m 
[36m(ClientAppActor pid=92746)[0m         
[36m(ClientAppActor pid=92744)[0m 
[36m(ClientAppActor pid=92744)[0m         
[36m(ClientAppActor pid=92743)[0m 
[36m(ClientAppActor pid=92743)[0m         
[36m(ClientAppActor pid=92745)[0m 
[36m(ClientAppActor pid=92745)[0m         
[36m(ClientAppActor pid=92742)[0m 
[36m(ClientAppActor pid=92742)[0m         
[36m(ClientAppActor pid=92739)[0m 
[36m(ClientAppActor pid=92739)[0m         
[36m(ClientAppActor pid=92722)[0m 
[36m(ClientAppActor pid=92722)[0m         
[36m(ClientAppActor pid=92741)[0m 
[36m(ClientAppActor pid=92741)[0m         
[36m(ClientAppActor pid=92744)[0m 
[36m(ClientAppActor pid=92744)[0m         
[36m(ClientAppActor pid=92743)[0m 
[36m(ClientAppActor pid=92743)[0m         
[36m(ClientAppActor pid=92746)[0m 
[36m(ClientAppActor pid=92746)[0m         
[36m(ClientAppActor pid=92739)[0m 
[36m(ClientAppActor pid=92739)[0m         
[36m(ClientAppActor pid=92742)[0m 
[36m(ClientAppActor pid=92742)[0m         
[36m(ClientAppActor pid=92742)[0m [93mWARNING [0m:   DEPRECATED FEATURE: `client_fn` now expects a signature `def client_fn(context: Context)`.The provided `client_fn` has signature: {'cid': <Parameter "cid: str">}. You can import the `Context` like this: `from flwr.common import Context`[32m [repeated 21x across cluster][0m
[36m(ClientAppActor pid=92742)[0m             This is a deprecated feature. It will be removed[32m [repeated 21x across cluster][0m
[36m(ClientAppActor pid=92742)[0m             entirely in future versions of Flower.[32m [repeated 21x across cluster][0m
[36m(ClientAppActor pid=92743)[0m 
[36m(ClientAppActor pid=92743)[0m         
[36m(ClientAppActor pid=92744)[0m 
[36m(ClientAppActor pid=92744)[0m         
[36m(ClientAppActor pid=92741)[0m 
[36m(ClientAppActor pid=92741)[0m         
[36m(ClientAppActor pid=92722)[0m 
[36m(ClientAppActor pid=92722)[0m         
[36m(ClientAppActor pid=92739)[0m 
[36m(ClientAppActor pid=92739)[0m         
[36m(ClientAppActor pid=92746)[0m 
[36m(ClientAppActor pid=92746)[0m         
[36m(ClientAppActor pid=92743)[0m 
[36m(ClientAppActor pid=92743)[0m         
[36m(ClientAppActor pid=92744)[0m 
[36m(ClientAppActor pid=92744)[0m         
[36m(ClientAppActor pid=92745)[0m 
[36m(ClientAppActor pid=92745)[0m         
[36m(ClientAppActor pid=92742)[0m 
[36m(ClientAppActor pid=92742)[0m         
[36m(ClientAppActor pid=92722)[0m 
[36m(ClientAppActor pid=92722)[0m         
[36m(ClientAppActor pid=92739)[0m 
[36m(ClientAppActor pid=92739)[0m         
[36m(ClientAppActor pid=92744)[0m 
[36m(ClientAppActor pid=92744)[0m         
[36m(ClientAppActor pid=92741)[0m 
[36m(ClientAppActor pid=92741)[0m         
[36m(ClientAppActor pid=92746)[0m 
[36m(ClientAppActor pid=92746)[0m         
[36m(ClientAppActor pid=92745)[0m 
[36m(ClientAppActor pid=92745)[0m         
[92mINFO [0m:      aggregate_fit: received 100 results and 0 failures
[92mINFO [0m:      fit progress: (13, 1.9991282900427556, {'accuracy': 0.2923}, 423.64917661761865)
[92mINFO [0m:      configure_evaluate: no clients selected, skipping evaluation
[92mINFO [0m:      
[92mINFO [0m:      [ROUND 14]
[92mINFO [0m:      configure_fit: strategy sampled 100 clients (out of 100)
[36m(ClientAppActor pid=92741)[0m 
[36m(ClientAppActor pid=92741)[0m         
[36m(ClientAppActor pid=92741)[0m [93mWARNING [0m:   DEPRECATED FEATURE: `client_fn` now expects a signature `def client_fn(context: Context)`.The provided `client_fn` has signature: {'cid': <Parameter "cid: str">}. You can import the `Context` like this: `from flwr.common import Context`[32m [repeated 17x across cluster][0m
[36m(ClientAppActor pid=92741)[0m             This is a deprecated feature. It will be removed[32m [repeated 17x across cluster][0m
[36m(ClientAppActor pid=92741)[0m             entirely in future versions of Flower.[32m [repeated 17x across cluster][0m
[36m(ClientAppActor pid=92722)[0m 
[36m(ClientAppActor pid=92722)[0m         
[36m(ClientAppActor pid=92746)[0m 
[36m(ClientAppActor pid=92746)[0m         
[36m(ClientAppActor pid=92742)[0m 
[36m(ClientAppActor pid=92742)[0m         
[36m(ClientAppActor pid=92743)[0m 
[36m(ClientAppActor pid=92743)[0m         
[36m(ClientAppActor pid=92744)[0m 
[36m(ClientAppActor pid=92744)[0m         
[36m(ClientAppActor pid=92745)[0m 
[36m(ClientAppActor pid=92745)[0m         
[36m(ClientAppActor pid=92739)[0m 
[36m(ClientAppActor pid=92739)[0m         
[36m(ClientAppActor pid=92745)[0m 
[36m(ClientAppActor pid=92745)[0m         
[36m(ClientAppActor pid=92739)[0m 
[36m(ClientAppActor pid=92739)[0m         
[36m(ClientAppActor pid=92742)[0m 
[36m(ClientAppActor pid=92742)[0m         
[36m(ClientAppActor pid=92743)[0m 
[36m(ClientAppActor pid=92743)[0m         
[36m(ClientAppActor pid=92741)[0m 
[36m(ClientAppActor pid=92741)[0m         
[36m(ClientAppActor pid=92722)[0m 
[36m(ClientAppActor pid=92722)[0m         
[36m(ClientAppActor pid=92744)[0m 
[36m(ClientAppActor pid=92744)[0m         
[36m(ClientAppActor pid=92746)[0m 
[36m(ClientAppActor pid=92746)[0m         
[36m(ClientAppActor pid=92743)[0m 
[36m(ClientAppActor pid=92743)[0m         
[36m(ClientAppActor pid=92745)[0m 
[36m(ClientAppActor pid=92745)[0m         
[36m(ClientAppActor pid=92741)[0m 
[36m(ClientAppActor pid=92741)[0m         
[36m(ClientAppActor pid=92739)[0m 
[36m(ClientAppActor pid=92739)[0m         
[36m(ClientAppActor pid=92722)[0m 
[36m(ClientAppActor pid=92722)[0m         
[36m(ClientAppActor pid=92744)[0m 
[36m(ClientAppActor pid=92744)[0m         
[36m(ClientAppActor pid=92741)[0m 
[36m(ClientAppActor pid=92741)[0m         
[36m(ClientAppActor pid=92741)[0m [93mWARNING [0m:   DEPRECATED FEATURE: `client_fn` now expects a signature `def client_fn(context: Context)`.The provided `client_fn` has signature: {'cid': <Parameter "cid: str">}. You can import the `Context` like this: `from flwr.common import Context`[32m [repeated 22x across cluster][0m
[36m(ClientAppActor pid=92741)[0m             This is a deprecated feature. It will be removed[32m [repeated 22x across cluster][0m
[36m(ClientAppActor pid=92741)[0m             entirely in future versions of Flower.[32m [repeated 22x across cluster][0m
[36m(ClientAppActor pid=92743)[0m 
[36m(ClientAppActor pid=92743)[0m         
[36m(ClientAppActor pid=92742)[0m 
[36m(ClientAppActor pid=92742)[0m         
[36m(ClientAppActor pid=92745)[0m 
[36m(ClientAppActor pid=92745)[0m         
[36m(ClientAppActor pid=92739)[0m 
[36m(ClientAppActor pid=92739)[0m         
[36m(ClientAppActor pid=92741)[0m 
[36m(ClientAppActor pid=92741)[0m         
[36m(ClientAppActor pid=92744)[0m 
[36m(ClientAppActor pid=92744)[0m         
[36m(ClientAppActor pid=92743)[0m 
[36m(ClientAppActor pid=92743)[0m         
[36m(ClientAppActor pid=92742)[0m 
[36m(ClientAppActor pid=92742)[0m         
[36m(ClientAppActor pid=92722)[0m 
[36m(ClientAppActor pid=92722)[0m         
[36m(ClientAppActor pid=92745)[0m 
[36m(ClientAppActor pid=92745)[0m         
[36m(ClientAppActor pid=92746)[0m 
[36m(ClientAppActor pid=92746)[0m         
[36m(ClientAppActor pid=92741)[0m 
[36m(ClientAppActor pid=92741)[0m         
[36m(ClientAppActor pid=92722)[0m 
[36m(ClientAppActor pid=92722)[0m         
[36m(ClientAppActor pid=92742)[0m 
[36m(ClientAppActor pid=92742)[0m         
[36m(ClientAppActor pid=92743)[0m 
[36m(ClientAppActor pid=92743)[0m         
[36m(ClientAppActor pid=92745)[0m 
[36m(ClientAppActor pid=92745)[0m         
[36m(ClientAppActor pid=92746)[0m 
[36m(ClientAppActor pid=92746)[0m         
[36m(ClientAppActor pid=92744)[0m 
[36m(ClientAppActor pid=92744)[0m         
[36m(ClientAppActor pid=92739)[0m 
[36m(ClientAppActor pid=92739)[0m         
[36m(ClientAppActor pid=92741)[0m 
[36m(ClientAppActor pid=92741)[0m         
[36m(ClientAppActor pid=92741)[0m [93mWARNING [0m:   DEPRECATED FEATURE: `client_fn` now expects a signature `def client_fn(context: Context)`.The provided `client_fn` has signature: {'cid': <Parameter "cid: str">}. You can import the `Context` like this: `from flwr.common import Context`[32m [repeated 20x across cluster][0m
[36m(ClientAppActor pid=92741)[0m             This is a deprecated feature. It will be removed[32m [repeated 20x across cluster][0m
[36m(ClientAppActor pid=92741)[0m             entirely in future versions of Flower.[32m [repeated 20x across cluster][0m
[36m(ClientAppActor pid=92742)[0m 
[36m(ClientAppActor pid=92742)[0m         
[36m(ClientAppActor pid=92722)[0m 
[36m(ClientAppActor pid=92722)[0m         
[36m(ClientAppActor pid=92743)[0m 
[36m(ClientAppActor pid=92743)[0m         
[36m(ClientAppActor pid=92744)[0m 
[36m(ClientAppActor pid=92744)[0m         
[36m(ClientAppActor pid=92746)[0m 
[36m(ClientAppActor pid=92746)[0m         
[36m(ClientAppActor pid=92739)[0m 
[36m(ClientAppActor pid=92739)[0m         
[36m(ClientAppActor pid=92741)[0m 
[36m(ClientAppActor pid=92741)[0m         
[36m(ClientAppActor pid=92745)[0m 
[36m(ClientAppActor pid=92745)[0m         
[36m(ClientAppActor pid=92742)[0m 
[36m(ClientAppActor pid=92742)[0m         
[36m(ClientAppActor pid=92746)[0m 
[36m(ClientAppActor pid=92746)[0m         
[36m(ClientAppActor pid=92744)[0m 
[36m(ClientAppActor pid=92744)[0m         
[36m(ClientAppActor pid=92745)[0m 
[36m(ClientAppActor pid=92745)[0m         
[36m(ClientAppActor pid=92739)[0m 
[36m(ClientAppActor pid=92739)[0m         
[36m(ClientAppActor pid=92722)[0m 
[36m(ClientAppActor pid=92722)[0m         
[36m(ClientAppActor pid=92743)[0m 
[36m(ClientAppActor pid=92743)[0m         
[36m(ClientAppActor pid=92742)[0m 
[36m(ClientAppActor pid=92742)[0m         
[36m(ClientAppActor pid=92742)[0m [93mWARNING [0m:   DEPRECATED FEATURE: `client_fn` now expects a signature `def client_fn(context: Context)`.The provided `client_fn` has signature: {'cid': <Parameter "cid: str">}. You can import the `Context` like this: `from flwr.common import Context`[32m [repeated 16x across cluster][0m
[36m(ClientAppActor pid=92742)[0m             This is a deprecated feature. It will be removed[32m [repeated 16x across cluster][0m
[36m(ClientAppActor pid=92742)[0m             entirely in future versions of Flower.[32m [repeated 16x across cluster][0m
[36m(ClientAppActor pid=92741)[0m 
[36m(ClientAppActor pid=92741)[0m         
[36m(ClientAppActor pid=92746)[0m 
[36m(ClientAppActor pid=92746)[0m         
[36m(ClientAppActor pid=92722)[0m 
[36m(ClientAppActor pid=92722)[0m         
[36m(ClientAppActor pid=92743)[0m 
[36m(ClientAppActor pid=92743)[0m         
[36m(ClientAppActor pid=92739)[0m 
[36m(ClientAppActor pid=92739)[0m         
[36m(ClientAppActor pid=92744)[0m 
[36m(ClientAppActor pid=92744)[0m         
[36m(ClientAppActor pid=92745)[0m 
[36m(ClientAppActor pid=92745)[0m         
[36m(ClientAppActor pid=92742)[0m 
[36m(ClientAppActor pid=92742)[0m         
[36m(ClientAppActor pid=92743)[0m 
[36m(ClientAppActor pid=92743)[0m         
[36m(ClientAppActor pid=92742)[0m 
[36m(ClientAppActor pid=92742)[0m         
[36m(ClientAppActor pid=92741)[0m 
[36m(ClientAppActor pid=92741)[0m         
[36m(ClientAppActor pid=92745)[0m 
[36m(ClientAppActor pid=92745)[0m         
[36m(ClientAppActor pid=92739)[0m 
[36m(ClientAppActor pid=92739)[0m         
[36m(ClientAppActor pid=92722)[0m 
[36m(ClientAppActor pid=92722)[0m         
[36m(ClientAppActor pid=92744)[0m 
[36m(ClientAppActor pid=92744)[0m         
[36m(ClientAppActor pid=92743)[0m 
[36m(ClientAppActor pid=92743)[0m         
[36m(ClientAppActor pid=92746)[0m 
[36m(ClientAppActor pid=92746)[0m         
[36m(ClientAppActor pid=92742)[0m 
[36m(ClientAppActor pid=92742)[0m         
[36m(ClientAppActor pid=92742)[0m [93mWARNING [0m:   DEPRECATED FEATURE: `client_fn` now expects a signature `def client_fn(context: Context)`.The provided `client_fn` has signature: {'cid': <Parameter "cid: str">}. You can import the `Context` like this: `from flwr.common import Context`[32m [repeated 18x across cluster][0m
[36m(ClientAppActor pid=92742)[0m             This is a deprecated feature. It will be removed[32m [repeated 18x across cluster][0m
[36m(ClientAppActor pid=92742)[0m             entirely in future versions of Flower.[32m [repeated 18x across cluster][0m
[36m(ClientAppActor pid=92722)[0m 
[36m(ClientAppActor pid=92722)[0m         
[36m(ClientAppActor pid=92739)[0m 
[36m(ClientAppActor pid=92739)[0m         
[36m(ClientAppActor pid=92746)[0m 
[36m(ClientAppActor pid=92746)[0m         
[36m(ClientAppActor pid=92743)[0m 
[36m(ClientAppActor pid=92743)[0m         
[36m(ClientAppActor pid=92744)[0m 
[36m(ClientAppActor pid=92744)[0m         
[36m(ClientAppActor pid=92741)[0m 
[36m(ClientAppActor pid=92741)[0m         
[36m(ClientAppActor pid=92745)[0m 
[36m(ClientAppActor pid=92745)[0m         
[36m(ClientAppActor pid=92746)[0m 
[36m(ClientAppActor pid=92746)[0m         
[36m(ClientAppActor pid=92744)[0m 
[36m(ClientAppActor pid=92744)[0m         
[36m(ClientAppActor pid=92739)[0m 
[36m(ClientAppActor pid=92739)[0m         
[36m(ClientAppActor pid=92742)[0m 
[36m(ClientAppActor pid=92742)[0m         
[36m(ClientAppActor pid=92743)[0m 
[36m(ClientAppActor pid=92743)[0m         
[36m(ClientAppActor pid=92745)[0m 
[36m(ClientAppActor pid=92745)[0m         
[36m(ClientAppActor pid=92741)[0m 
[36m(ClientAppActor pid=92741)[0m         
[36m(ClientAppActor pid=92722)[0m 
[36m(ClientAppActor pid=92722)[0m         
[36m(ClientAppActor pid=92739)[0m 
[36m(ClientAppActor pid=92739)[0m         
[36m(ClientAppActor pid=92744)[0m 
[36m(ClientAppActor pid=92744)[0m         
[36m(ClientAppActor pid=92746)[0m 
[36m(ClientAppActor pid=92746)[0m         
[36m(ClientAppActor pid=92722)[0m 
[36m(ClientAppActor pid=92722)[0m         
[36m(ClientAppActor pid=92742)[0m 
[36m(ClientAppActor pid=92742)[0m         
[36m(ClientAppActor pid=92743)[0m 
[36m(ClientAppActor pid=92743)[0m         
[36m(ClientAppActor pid=92745)[0m 
[36m(ClientAppActor pid=92745)[0m         
[36m(ClientAppActor pid=92744)[0m 
[36m(ClientAppActor pid=92744)[0m         
[36m(ClientAppActor pid=92744)[0m [93mWARNING [0m:   DEPRECATED FEATURE: `client_fn` now expects a signature `def client_fn(context: Context)`.The provided `client_fn` has signature: {'cid': <Parameter "cid: str">}. You can import the `Context` like this: `from flwr.common import Context`[32m [repeated 23x across cluster][0m
[36m(ClientAppActor pid=92744)[0m             This is a deprecated feature. It will be removed[32m [repeated 23x across cluster][0m
[36m(ClientAppActor pid=92744)[0m             entirely in future versions of Flower.[32m [repeated 23x across cluster][0m
[92mINFO [0m:      aggregate_fit: received 100 results and 0 failures
[92mINFO [0m:      fit progress: (14, 1.9838962479002158, {'accuracy': 0.2958}, 456.45291964383796)
[92mINFO [0m:      configure_evaluate: no clients selected, skipping evaluation
[92mINFO [0m:      
[92mINFO [0m:      [ROUND 15]
[92mINFO [0m:      configure_fit: strategy sampled 100 clients (out of 100)
[36m(ClientAppActor pid=92741)[0m 
[36m(ClientAppActor pid=92741)[0m         
[36m(ClientAppActor pid=92741)[0m [93mWARNING [0m:   DEPRECATED FEATURE: `client_fn` now expects a signature `def client_fn(context: Context)`.The provided `client_fn` has signature: {'cid': <Parameter "cid: str">}. You can import the `Context` like this: `from flwr.common import Context`
[36m(ClientAppActor pid=92741)[0m             This is a deprecated feature. It will be removed
[36m(ClientAppActor pid=92741)[0m             entirely in future versions of Flower.
[36m(ClientAppActor pid=92722)[0m [93mWARNING [0m:   DEPRECATED FEATURE: `client_fn` now expects a signature `def client_fn(context: Context)`.The provided `client_fn` has signature: {'cid': <Parameter "cid: str">}. You can import the `Context` like this: `from flwr.common import Context`
[36m(ClientAppActor pid=92722)[0m 
[36m(ClientAppActor pid=92722)[0m             This is a deprecated feature. It will be removed
[36m(ClientAppActor pid=92722)[0m             entirely in future versions of Flower.
[36m(ClientAppActor pid=92722)[0m         
[36m(ClientAppActor pid=92746)[0m 
[36m(ClientAppActor pid=92746)[0m         
[36m(ClientAppActor pid=92742)[0m 
[36m(ClientAppActor pid=92742)[0m         
[36m(ClientAppActor pid=92743)[0m 
[36m(ClientAppActor pid=92743)[0m         
[36m(ClientAppActor pid=92744)[0m 
[36m(ClientAppActor pid=92744)[0m         
[36m(ClientAppActor pid=92745)[0m 
[36m(ClientAppActor pid=92745)[0m         
[36m(ClientAppActor pid=92739)[0m 
[36m(ClientAppActor pid=92739)[0m         
[36m(ClientAppActor pid=92746)[0m 
[36m(ClientAppActor pid=92746)[0m         
[36m(ClientAppActor pid=92741)[0m 
[36m(ClientAppActor pid=92741)[0m         
[36m(ClientAppActor pid=92739)[0m 
[36m(ClientAppActor pid=92739)[0m         
[36m(ClientAppActor pid=92745)[0m 
[36m(ClientAppActor pid=92745)[0m         
[36m(ClientAppActor pid=92722)[0m 
[36m(ClientAppActor pid=92722)[0m         
[36m(ClientAppActor pid=92742)[0m 
[36m(ClientAppActor pid=92742)[0m         
[36m(ClientAppActor pid=92743)[0m 
[36m(ClientAppActor pid=92743)[0m         
[36m(ClientAppActor pid=92744)[0m 
[36m(ClientAppActor pid=92744)[0m         
[36m(ClientAppActor pid=92746)[0m 
[36m(ClientAppActor pid=92746)[0m         
[36m(ClientAppActor pid=92744)[0m 
[36m(ClientAppActor pid=92744)[0m         
[36m(ClientAppActor pid=92742)[0m 
[36m(ClientAppActor pid=92742)[0m         
[36m(ClientAppActor pid=92739)[0m 
[36m(ClientAppActor pid=92739)[0m         
[36m(ClientAppActor pid=92744)[0m 
[36m(ClientAppActor pid=92744)[0m         
[36m(ClientAppActor pid=92745)[0m 
[36m(ClientAppActor pid=92745)[0m         
[36m(ClientAppActor pid=92741)[0m 
[36m(ClientAppActor pid=92741)[0m         
[36m(ClientAppActor pid=92741)[0m [93mWARNING [0m:   DEPRECATED FEATURE: `client_fn` now expects a signature `def client_fn(context: Context)`.The provided `client_fn` has signature: {'cid': <Parameter "cid: str">}. You can import the `Context` like this: `from flwr.common import Context`[32m [repeated 21x across cluster][0m
[36m(ClientAppActor pid=92741)[0m             This is a deprecated feature. It will be removed[32m [repeated 21x across cluster][0m
[36m(ClientAppActor pid=92741)[0m             entirely in future versions of Flower.[32m [repeated 21x across cluster][0m
[36m(ClientAppActor pid=92722)[0m 
[36m(ClientAppActor pid=92722)[0m         
[36m(ClientAppActor pid=92743)[0m 
[36m(ClientAppActor pid=92743)[0m         
[36m(ClientAppActor pid=92746)[0m 
[36m(ClientAppActor pid=92746)[0m         
[36m(ClientAppActor pid=92745)[0m 
[36m(ClientAppActor pid=92745)[0m         
[36m(ClientAppActor pid=92739)[0m 
[36m(ClientAppActor pid=92739)[0m         
[36m(ClientAppActor pid=92746)[0m 
[36m(ClientAppActor pid=92746)[0m         
[36m(ClientAppActor pid=92742)[0m 
[36m(ClientAppActor pid=92742)[0m         
[36m(ClientAppActor pid=92744)[0m 
[36m(ClientAppActor pid=92744)[0m         
[36m(ClientAppActor pid=92722)[0m 
[36m(ClientAppActor pid=92722)[0m         
[36m(ClientAppActor pid=92741)[0m 
[36m(ClientAppActor pid=92741)[0m         
[36m(ClientAppActor pid=92743)[0m 
[36m(ClientAppActor pid=92743)[0m         
[36m(ClientAppActor pid=92745)[0m 
[36m(ClientAppActor pid=92745)[0m         
[36m(ClientAppActor pid=92722)[0m 
[36m(ClientAppActor pid=92722)[0m         
[36m(ClientAppActor pid=92741)[0m 
[36m(ClientAppActor pid=92741)[0m         
[36m(ClientAppActor pid=92743)[0m 
[36m(ClientAppActor pid=92743)[0m         
[36m(ClientAppActor pid=92746)[0m 
[36m(ClientAppActor pid=92746)[0m         
[36m(ClientAppActor pid=92742)[0m 
[36m(ClientAppActor pid=92742)[0m         
[36m(ClientAppActor pid=92744)[0m 
[36m(ClientAppActor pid=92744)[0m         
[36m(ClientAppActor pid=92739)[0m 
[36m(ClientAppActor pid=92739)[0m         
[36m(ClientAppActor pid=92722)[0m 
[36m(ClientAppActor pid=92722)[0m         
[36m(ClientAppActor pid=92722)[0m [93mWARNING [0m:   DEPRECATED FEATURE: `client_fn` now expects a signature `def client_fn(context: Context)`.The provided `client_fn` has signature: {'cid': <Parameter "cid: str">}. You can import the `Context` like this: `from flwr.common import Context`[32m [repeated 20x across cluster][0m
[36m(ClientAppActor pid=92722)[0m             This is a deprecated feature. It will be removed[32m [repeated 20x across cluster][0m
[36m(ClientAppActor pid=92722)[0m             entirely in future versions of Flower.[32m [repeated 20x across cluster][0m
[36m(ClientAppActor pid=92743)[0m 
[36m(ClientAppActor pid=92743)[0m         
[36m(ClientAppActor pid=92744)[0m 
[36m(ClientAppActor pid=92744)[0m         
[36m(ClientAppActor pid=92741)[0m 
[36m(ClientAppActor pid=92741)[0m         
[36m(ClientAppActor pid=92745)[0m 
[36m(ClientAppActor pid=92745)[0m         
[36m(ClientAppActor pid=92746)[0m 
[36m(ClientAppActor pid=92746)[0m         
[36m(ClientAppActor pid=92739)[0m 
[36m(ClientAppActor pid=92739)[0m         
[36m(ClientAppActor pid=92722)[0m 
[36m(ClientAppActor pid=92722)[0m         
[36m(ClientAppActor pid=92743)[0m 
[36m(ClientAppActor pid=92743)[0m         
[36m(ClientAppActor pid=92742)[0m 
[36m(ClientAppActor pid=92742)[0m         
[36m(ClientAppActor pid=92745)[0m 
[36m(ClientAppActor pid=92745)[0m         
[36m(ClientAppActor pid=92741)[0m 
[36m(ClientAppActor pid=92741)[0m         
[36m(ClientAppActor pid=92744)[0m 
[36m(ClientAppActor pid=92744)[0m         
[36m(ClientAppActor pid=92739)[0m 
[36m(ClientAppActor pid=92739)[0m         
[36m(ClientAppActor pid=92746)[0m 
[36m(ClientAppActor pid=92746)[0m         
[36m(ClientAppActor pid=92743)[0m 
[36m(ClientAppActor pid=92743)[0m         
[36m(ClientAppActor pid=92742)[0m 
[36m(ClientAppActor pid=92742)[0m         
[36m(ClientAppActor pid=92741)[0m 
[36m(ClientAppActor pid=92741)[0m         
[36m(ClientAppActor pid=92741)[0m [93mWARNING [0m:   DEPRECATED FEATURE: `client_fn` now expects a signature `def client_fn(context: Context)`.The provided `client_fn` has signature: {'cid': <Parameter "cid: str">}. You can import the `Context` like this: `from flwr.common import Context`[32m [repeated 17x across cluster][0m
[36m(ClientAppActor pid=92741)[0m             This is a deprecated feature. It will be removed[32m [repeated 17x across cluster][0m
[36m(ClientAppActor pid=92741)[0m             entirely in future versions of Flower.[32m [repeated 17x across cluster][0m
[36m(ClientAppActor pid=92722)[0m 
[36m(ClientAppActor pid=92722)[0m         
[36m(ClientAppActor pid=92744)[0m 
[36m(ClientAppActor pid=92744)[0m         
[36m(ClientAppActor pid=92745)[0m 
[36m(ClientAppActor pid=92745)[0m         
[36m(ClientAppActor pid=92743)[0m 
[36m(ClientAppActor pid=92743)[0m         
[36m(ClientAppActor pid=92739)[0m 
[36m(ClientAppActor pid=92739)[0m         
[36m(ClientAppActor pid=92742)[0m 
[36m(ClientAppActor pid=92742)[0m         
[36m(ClientAppActor pid=92722)[0m 
[36m(ClientAppActor pid=92722)[0m         
[36m(ClientAppActor pid=92744)[0m 
[36m(ClientAppActor pid=92744)[0m         
[36m(ClientAppActor pid=92741)[0m 
[36m(ClientAppActor pid=92741)[0m         
[36m(ClientAppActor pid=92745)[0m 
[36m(ClientAppActor pid=92745)[0m         
[36m(ClientAppActor pid=92739)[0m 
[36m(ClientAppActor pid=92739)[0m         
[36m(ClientAppActor pid=92746)[0m 
[36m(ClientAppActor pid=92746)[0m         
[36m(ClientAppActor pid=92743)[0m 
[36m(ClientAppActor pid=92743)[0m         
[36m(ClientAppActor pid=92741)[0m 
[36m(ClientAppActor pid=92741)[0m         
[36m(ClientAppActor pid=92742)[0m 
[36m(ClientAppActor pid=92742)[0m         
[36m(ClientAppActor pid=92744)[0m 
[36m(ClientAppActor pid=92744)[0m         
[36m(ClientAppActor pid=92722)[0m 
[36m(ClientAppActor pid=92722)[0m         
[36m(ClientAppActor pid=92745)[0m 
[36m(ClientAppActor pid=92745)[0m         
[36m(ClientAppActor pid=92739)[0m 
[36m(ClientAppActor pid=92739)[0m         
[36m(ClientAppActor pid=92746)[0m 
[36m(ClientAppActor pid=92746)[0m         
[36m(ClientAppActor pid=92743)[0m 
[36m(ClientAppActor pid=92743)[0m         
[36m(ClientAppActor pid=92745)[0m 
[36m(ClientAppActor pid=92745)[0m         
[36m(ClientAppActor pid=92745)[0m [93mWARNING [0m:   DEPRECATED FEATURE: `client_fn` now expects a signature `def client_fn(context: Context)`.The provided `client_fn` has signature: {'cid': <Parameter "cid: str">}. You can import the `Context` like this: `from flwr.common import Context`[32m [repeated 22x across cluster][0m
[36m(ClientAppActor pid=92745)[0m             This is a deprecated feature. It will be removed[32m [repeated 22x across cluster][0m
[36m(ClientAppActor pid=92745)[0m             entirely in future versions of Flower.[32m [repeated 22x across cluster][0m
[36m(ClientAppActor pid=92742)[0m 
[36m(ClientAppActor pid=92742)[0m         
[36m(ClientAppActor pid=92744)[0m 
[36m(ClientAppActor pid=92744)[0m         
[36m(ClientAppActor pid=92741)[0m 
[36m(ClientAppActor pid=92741)[0m         
[36m(ClientAppActor pid=92746)[0m 
[36m(ClientAppActor pid=92746)[0m         
[36m(ClientAppActor pid=92722)[0m 
[36m(ClientAppActor pid=92722)[0m         
[36m(ClientAppActor pid=92745)[0m 
[36m(ClientAppActor pid=92745)[0m         
[36m(ClientAppActor pid=92739)[0m 
[36m(ClientAppActor pid=92739)[0m         
[36m(ClientAppActor pid=92742)[0m 
[36m(ClientAppActor pid=92742)[0m         
[36m(ClientAppActor pid=92741)[0m 
[36m(ClientAppActor pid=92741)[0m         
[36m(ClientAppActor pid=92744)[0m 
[36m(ClientAppActor pid=92744)[0m         
[36m(ClientAppActor pid=92746)[0m 
[36m(ClientAppActor pid=92746)[0m         
[36m(ClientAppActor pid=92742)[0m 
[36m(ClientAppActor pid=92742)[0m         
[36m(ClientAppActor pid=92739)[0m 
[36m(ClientAppActor pid=92739)[0m         
[36m(ClientAppActor pid=92722)[0m 
[36m(ClientAppActor pid=92722)[0m         
[36m(ClientAppActor pid=92746)[0m 
[36m(ClientAppActor pid=92746)[0m         
[36m(ClientAppActor pid=92742)[0m 
[36m(ClientAppActor pid=92742)[0m         
[36m(ClientAppActor pid=92743)[0m 
[36m(ClientAppActor pid=92743)[0m         
[36m(ClientAppActor pid=92744)[0m 
[36m(ClientAppActor pid=92744)[0m         
[92mINFO [0m:      aggregate_fit: received 100 results and 0 failures
[92mINFO [0m:      fit progress: (15, 1.969790192926006, {'accuracy': 0.2995}, 488.89014817681164)
[92mINFO [0m:      configure_evaluate: no clients selected, skipping evaluation
[92mINFO [0m:      
[92mINFO [0m:      [ROUND 16]
[92mINFO [0m:      configure_fit: strategy sampled 100 clients (out of 100)
[36m(ClientAppActor pid=92741)[0m 
[36m(ClientAppActor pid=92741)[0m         
[36m(ClientAppActor pid=92741)[0m [93mWARNING [0m:   DEPRECATED FEATURE: `client_fn` now expects a signature `def client_fn(context: Context)`.The provided `client_fn` has signature: {'cid': <Parameter "cid: str">}. You can import the `Context` like this: `from flwr.common import Context`[32m [repeated 19x across cluster][0m
[36m(ClientAppActor pid=92741)[0m             This is a deprecated feature. It will be removed[32m [repeated 19x across cluster][0m
[36m(ClientAppActor pid=92741)[0m             entirely in future versions of Flower.[32m [repeated 19x across cluster][0m
[36m(ClientAppActor pid=92722)[0m 
[36m(ClientAppActor pid=92722)[0m         
[36m(ClientAppActor pid=92746)[0m 
[36m(ClientAppActor pid=92746)[0m         
[36m(ClientAppActor pid=92742)[0m 
[36m(ClientAppActor pid=92742)[0m         
[36m(ClientAppActor pid=92743)[0m 
[36m(ClientAppActor pid=92743)[0m         
[36m(ClientAppActor pid=92744)[0m 
[36m(ClientAppActor pid=92744)[0m         
[36m(ClientAppActor pid=92745)[0m 
[36m(ClientAppActor pid=92745)[0m         
[36m(ClientAppActor pid=92739)[0m 
[36m(ClientAppActor pid=92739)[0m         
[36m(ClientAppActor pid=92741)[0m 
[36m(ClientAppActor pid=92741)[0m         
[36m(ClientAppActor pid=92746)[0m 
[36m(ClientAppActor pid=92746)[0m         
[36m(ClientAppActor pid=92744)[0m 
[36m(ClientAppActor pid=92744)[0m         
[36m(ClientAppActor pid=92739)[0m 
[36m(ClientAppActor pid=92739)[0m         
[36m(ClientAppActor pid=92722)[0m 
[36m(ClientAppActor pid=92722)[0m         
[36m(ClientAppActor pid=92745)[0m 
[36m(ClientAppActor pid=92745)[0m         
[36m(ClientAppActor pid=92742)[0m 
[36m(ClientAppActor pid=92742)[0m         
[36m(ClientAppActor pid=92746)[0m 
[36m(ClientAppActor pid=92746)[0m         
[36m(ClientAppActor pid=92741)[0m 
[36m(ClientAppActor pid=92741)[0m         
[36m(ClientAppActor pid=92743)[0m 
[36m(ClientAppActor pid=92743)[0m         
[36m(ClientAppActor pid=92742)[0m 
[36m(ClientAppActor pid=92742)[0m         
[36m(ClientAppActor pid=92746)[0m 
[36m(ClientAppActor pid=92746)[0m         
[36m(ClientAppActor pid=92744)[0m 
[36m(ClientAppActor pid=92744)[0m         
[36m(ClientAppActor pid=92739)[0m 
[36m(ClientAppActor pid=92739)[0m         
[36m(ClientAppActor pid=92745)[0m 
[36m(ClientAppActor pid=92745)[0m         
[36m(ClientAppActor pid=92746)[0m 
[36m(ClientAppActor pid=92746)[0m         
[36m(ClientAppActor pid=92746)[0m [93mWARNING [0m:   DEPRECATED FEATURE: `client_fn` now expects a signature `def client_fn(context: Context)`.The provided `client_fn` has signature: {'cid': <Parameter "cid: str">}. You can import the `Context` like this: `from flwr.common import Context`[32m [repeated 23x across cluster][0m
[36m(ClientAppActor pid=92746)[0m             This is a deprecated feature. It will be removed[32m [repeated 23x across cluster][0m
[36m(ClientAppActor pid=92746)[0m             entirely in future versions of Flower.[32m [repeated 23x across cluster][0m
[36m(ClientAppActor pid=92722)[0m 
[36m(ClientAppActor pid=92722)[0m         
[36m(ClientAppActor pid=92743)[0m 
[36m(ClientAppActor pid=92743)[0m         
[36m(ClientAppActor pid=92744)[0m 
[36m(ClientAppActor pid=92744)[0m         
[36m(ClientAppActor pid=92741)[0m 
[36m(ClientAppActor pid=92741)[0m         
[36m(ClientAppActor pid=92742)[0m 
[36m(ClientAppActor pid=92742)[0m         
[36m(ClientAppActor pid=92746)[0m 
[36m(ClientAppActor pid=92746)[0m         
[36m(ClientAppActor pid=92722)[0m 
[36m(ClientAppActor pid=92722)[0m         
[36m(ClientAppActor pid=92744)[0m 
[36m(ClientAppActor pid=92744)[0m         
[36m(ClientAppActor pid=92742)[0m 
[36m(ClientAppActor pid=92742)[0m         
[36m(ClientAppActor pid=92743)[0m 
[36m(ClientAppActor pid=92743)[0m         
[36m(ClientAppActor pid=92741)[0m 
[36m(ClientAppActor pid=92741)[0m         
[36m(ClientAppActor pid=92739)[0m 
[36m(ClientAppActor pid=92739)[0m         
[36m(ClientAppActor pid=92745)[0m 
[36m(ClientAppActor pid=92745)[0m         
[36m(ClientAppActor pid=92722)[0m 
[36m(ClientAppActor pid=92722)[0m         
[36m(ClientAppActor pid=92744)[0m 
[36m(ClientAppActor pid=92744)[0m         
[36m(ClientAppActor pid=92742)[0m 
[36m(ClientAppActor pid=92742)[0m         
[36m(ClientAppActor pid=92743)[0m 
[36m(ClientAppActor pid=92743)[0m         
[36m(ClientAppActor pid=92745)[0m 
[36m(ClientAppActor pid=92745)[0m         
[36m(ClientAppActor pid=92739)[0m 
[36m(ClientAppActor pid=92739)[0m         
[36m(ClientAppActor pid=92746)[0m 
[36m(ClientAppActor pid=92746)[0m         
[36m(ClientAppActor pid=92746)[0m [93mWARNING [0m:   DEPRECATED FEATURE: `client_fn` now expects a signature `def client_fn(context: Context)`.The provided `client_fn` has signature: {'cid': <Parameter "cid: str">}. You can import the `Context` like this: `from flwr.common import Context`[32m [repeated 20x across cluster][0m
[36m(ClientAppActor pid=92746)[0m             This is a deprecated feature. It will be removed[32m [repeated 20x across cluster][0m
[36m(ClientAppActor pid=92746)[0m             entirely in future versions of Flower.[32m [repeated 20x across cluster][0m
[36m(ClientAppActor pid=92741)[0m 
[36m(ClientAppActor pid=92741)[0m         
[36m(ClientAppActor pid=92744)[0m 
[36m(ClientAppActor pid=92744)[0m         
[36m(ClientAppActor pid=92722)[0m 
[36m(ClientAppActor pid=92722)[0m         
[36m(ClientAppActor pid=92743)[0m 
[36m(ClientAppActor pid=92743)[0m         
[36m(ClientAppActor pid=92742)[0m 
[36m(ClientAppActor pid=92742)[0m         
[36m(ClientAppActor pid=92744)[0m 
[36m(ClientAppActor pid=92744)[0m         
[36m(ClientAppActor pid=92739)[0m 
[36m(ClientAppActor pid=92739)[0m         
[36m(ClientAppActor pid=92741)[0m 
[36m(ClientAppActor pid=92741)[0m         
[36m(ClientAppActor pid=92743)[0m 
[36m(ClientAppActor pid=92743)[0m         
[36m(ClientAppActor pid=92746)[0m 
[36m(ClientAppActor pid=92746)[0m         
[36m(ClientAppActor pid=92722)[0m 
[36m(ClientAppActor pid=92722)[0m         
[36m(ClientAppActor pid=92742)[0m 
[36m(ClientAppActor pid=92742)[0m         
[36m(ClientAppActor pid=92745)[0m 
[36m(ClientAppActor pid=92745)[0m         
[36m(ClientAppActor pid=92744)[0m 
[36m(ClientAppActor pid=92744)[0m         
[36m(ClientAppActor pid=92741)[0m 
[36m(ClientAppActor pid=92741)[0m         
[36m(ClientAppActor pid=92739)[0m 
[36m(ClientAppActor pid=92739)[0m         
[36m(ClientAppActor pid=92746)[0m 
[36m(ClientAppActor pid=92746)[0m         
[36m(ClientAppActor pid=92746)[0m [93mWARNING [0m:   DEPRECATED FEATURE: `client_fn` now expects a signature `def client_fn(context: Context)`.The provided `client_fn` has signature: {'cid': <Parameter "cid: str">}. You can import the `Context` like this: `from flwr.common import Context`[32m [repeated 17x across cluster][0m
[36m(ClientAppActor pid=92746)[0m             This is a deprecated feature. It will be removed[32m [repeated 17x across cluster][0m
[36m(ClientAppActor pid=92746)[0m             entirely in future versions of Flower.[32m [repeated 17x across cluster][0m
[36m(ClientAppActor pid=92744)[0m 
[36m(ClientAppActor pid=92744)[0m         
[36m(ClientAppActor pid=92745)[0m 
[36m(ClientAppActor pid=92745)[0m         
[36m(ClientAppActor pid=92739)[0m 
[36m(ClientAppActor pid=92739)[0m         
[36m(ClientAppActor pid=92722)[0m 
[36m(ClientAppActor pid=92722)[0m         
[36m(ClientAppActor pid=92743)[0m 
[36m(ClientAppActor pid=92743)[0m         
[36m(ClientAppActor pid=92742)[0m 
[36m(ClientAppActor pid=92742)[0m         
[36m(ClientAppActor pid=92744)[0m 
[36m(ClientAppActor pid=92744)[0m         
[36m(ClientAppActor pid=92741)[0m 
[36m(ClientAppActor pid=92741)[0m         
[36m(ClientAppActor pid=92746)[0m 
[36m(ClientAppActor pid=92746)[0m         
[36m(ClientAppActor pid=92722)[0m 
[36m(ClientAppActor pid=92722)[0m         
[36m(ClientAppActor pid=92745)[0m 
[36m(ClientAppActor pid=92745)[0m         
[36m(ClientAppActor pid=92743)[0m 
[36m(ClientAppActor pid=92743)[0m         
[36m(ClientAppActor pid=92739)[0m 
[36m(ClientAppActor pid=92739)[0m         
[36m(ClientAppActor pid=92745)[0m 
[36m(ClientAppActor pid=92745)[0m         
[36m(ClientAppActor pid=92742)[0m 
[36m(ClientAppActor pid=92742)[0m         
[36m(ClientAppActor pid=92744)[0m 
[36m(ClientAppActor pid=92744)[0m         
[36m(ClientAppActor pid=92746)[0m 
[36m(ClientAppActor pid=92746)[0m         
[36m(ClientAppActor pid=92722)[0m 
[36m(ClientAppActor pid=92722)[0m         
[36m(ClientAppActor pid=92743)[0m 
[36m(ClientAppActor pid=92743)[0m         
[36m(ClientAppActor pid=92741)[0m 
[36m(ClientAppActor pid=92741)[0m         
[36m(ClientAppActor pid=92741)[0m [93mWARNING [0m:   DEPRECATED FEATURE: `client_fn` now expects a signature `def client_fn(context: Context)`.The provided `client_fn` has signature: {'cid': <Parameter "cid: str">}. You can import the `Context` like this: `from flwr.common import Context`[32m [repeated 20x across cluster][0m
[36m(ClientAppActor pid=92741)[0m             This is a deprecated feature. It will be removed[32m [repeated 20x across cluster][0m
[36m(ClientAppActor pid=92741)[0m             entirely in future versions of Flower.[32m [repeated 20x across cluster][0m
[36m(ClientAppActor pid=92742)[0m 
[36m(ClientAppActor pid=92742)[0m         
[36m(ClientAppActor pid=92745)[0m 
[36m(ClientAppActor pid=92745)[0m         
[36m(ClientAppActor pid=92744)[0m 
[36m(ClientAppActor pid=92744)[0m         
[36m(ClientAppActor pid=92739)[0m 
[36m(ClientAppActor pid=92739)[0m         
[36m(ClientAppActor pid=92722)[0m 
[36m(ClientAppActor pid=92722)[0m         
[36m(ClientAppActor pid=92746)[0m 
[36m(ClientAppActor pid=92746)[0m         
[36m(ClientAppActor pid=92745)[0m 
[36m(ClientAppActor pid=92745)[0m         
[36m(ClientAppActor pid=92742)[0m 
[36m(ClientAppActor pid=92742)[0m         
[36m(ClientAppActor pid=92741)[0m 
[36m(ClientAppActor pid=92741)[0m         
[36m(ClientAppActor pid=92746)[0m 
[36m(ClientAppActor pid=92746)[0m         
[36m(ClientAppActor pid=92745)[0m 
[36m(ClientAppActor pid=92745)[0m         
[36m(ClientAppActor pid=92744)[0m 
[36m(ClientAppActor pid=92744)[0m         
[36m(ClientAppActor pid=92739)[0m 
[36m(ClientAppActor pid=92739)[0m         
[36m(ClientAppActor pid=92722)[0m 
[36m(ClientAppActor pid=92722)[0m         
[36m(ClientAppActor pid=92742)[0m 
[36m(ClientAppActor pid=92742)[0m         
[36m(ClientAppActor pid=92743)[0m 
[36m(ClientAppActor pid=92743)[0m         
[36m(ClientAppActor pid=92739)[0m 
[36m(ClientAppActor pid=92739)[0m         
[36m(ClientAppActor pid=92746)[0m 
[36m(ClientAppActor pid=92746)[0m         
[36m(ClientAppActor pid=92741)[0m 
[36m(ClientAppActor pid=92741)[0m         
[92mINFO [0m:      aggregate_fit: received 100 results and 0 failures
[92mINFO [0m:      fit progress: (16, 1.9584150777500906, {'accuracy': 0.303}, 523.1120719229802)
[92mINFO [0m:      configure_evaluate: no clients selected, skipping evaluation
[92mINFO [0m:      
[92mINFO [0m:      [ROUND 17]
[92mINFO [0m:      configure_fit: strategy sampled 100 clients (out of 100)
[36m(ClientAppActor pid=92741)[0m 
[36m(ClientAppActor pid=92741)[0m         
[36m(ClientAppActor pid=92741)[0m [93mWARNING [0m:   DEPRECATED FEATURE: `client_fn` now expects a signature `def client_fn(context: Context)`.The provided `client_fn` has signature: {'cid': <Parameter "cid: str">}. You can import the `Context` like this: `from flwr.common import Context`[32m [repeated 20x across cluster][0m
[36m(ClientAppActor pid=92741)[0m             This is a deprecated feature. It will be removed[32m [repeated 20x across cluster][0m
[36m(ClientAppActor pid=92741)[0m             entirely in future versions of Flower.[32m [repeated 20x across cluster][0m
[36m(ClientAppActor pid=92722)[0m 
[36m(ClientAppActor pid=92722)[0m         
[36m(ClientAppActor pid=92746)[0m 
[36m(ClientAppActor pid=92746)[0m         
[36m(ClientAppActor pid=92742)[0m 
[36m(ClientAppActor pid=92742)[0m         
[36m(ClientAppActor pid=92743)[0m 
[36m(ClientAppActor pid=92743)[0m         
[36m(ClientAppActor pid=92744)[0m 
[36m(ClientAppActor pid=92744)[0m         
[36m(ClientAppActor pid=92745)[0m 
[36m(ClientAppActor pid=92745)[0m         
[36m(ClientAppActor pid=92739)[0m 
[36m(ClientAppActor pid=92739)[0m         
[36m(ClientAppActor pid=92742)[0m 
[36m(ClientAppActor pid=92742)[0m         
[36m(ClientAppActor pid=92722)[0m 
[36m(ClientAppActor pid=92722)[0m         
[36m(ClientAppActor pid=92739)[0m 
[36m(ClientAppActor pid=92739)[0m         
[36m(ClientAppActor pid=92741)[0m 
[36m(ClientAppActor pid=92741)[0m         
[36m(ClientAppActor pid=92744)[0m 
[36m(ClientAppActor pid=92744)[0m         
[36m(ClientAppActor pid=92743)[0m 
[36m(ClientAppActor pid=92743)[0m         
[36m(ClientAppActor pid=92745)[0m 
[36m(ClientAppActor pid=92745)[0m         
[36m(ClientAppActor pid=92742)[0m 
[36m(ClientAppActor pid=92742)[0m         
[36m(ClientAppActor pid=92746)[0m 
[36m(ClientAppActor pid=92746)[0m         
[36m(ClientAppActor pid=92722)[0m 
[36m(ClientAppActor pid=92722)[0m         
[36m(ClientAppActor pid=92744)[0m 
[36m(ClientAppActor pid=92744)[0m         
[36m(ClientAppActor pid=92745)[0m 
[36m(ClientAppActor pid=92745)[0m         
[36m(ClientAppActor pid=92746)[0m 
[36m(ClientAppActor pid=92746)[0m         
[36m(ClientAppActor pid=92743)[0m 
[36m(ClientAppActor pid=92743)[0m         
[36m(ClientAppActor pid=92739)[0m 
[36m(ClientAppActor pid=92739)[0m         
[36m(ClientAppActor pid=92741)[0m 
[36m(ClientAppActor pid=92741)[0m         
[36m(ClientAppActor pid=92742)[0m 
[36m(ClientAppActor pid=92742)[0m         
[36m(ClientAppActor pid=92722)[0m 
[36m(ClientAppActor pid=92722)[0m         
[36m(ClientAppActor pid=92722)[0m [93mWARNING [0m:   DEPRECATED FEATURE: `client_fn` now expects a signature `def client_fn(context: Context)`.The provided `client_fn` has signature: {'cid': <Parameter "cid: str">}. You can import the `Context` like this: `from flwr.common import Context`[32m [repeated 25x across cluster][0m
[36m(ClientAppActor pid=92722)[0m             This is a deprecated feature. It will be removed[32m [repeated 25x across cluster][0m
[36m(ClientAppActor pid=92722)[0m             entirely in future versions of Flower.[32m [repeated 25x across cluster][0m
[36m(ClientAppActor pid=92744)[0m 
[36m(ClientAppActor pid=92744)[0m         
[36m(ClientAppActor pid=92743)[0m 
[36m(ClientAppActor pid=92743)[0m         
[36m(ClientAppActor pid=92746)[0m 
[36m(ClientAppActor pid=92746)[0m         
[36m(ClientAppActor pid=92741)[0m 
[36m(ClientAppActor pid=92741)[0m         
[36m(ClientAppActor pid=92745)[0m 
[36m(ClientAppActor pid=92745)[0m         
[36m(ClientAppActor pid=92739)[0m 
[36m(ClientAppActor pid=92739)[0m         
[36m(ClientAppActor pid=92742)[0m 
[36m(ClientAppActor pid=92742)[0m         
[36m(ClientAppActor pid=92744)[0m 
[36m(ClientAppActor pid=92744)[0m         
[36m(ClientAppActor pid=92722)[0m 
[36m(ClientAppActor pid=92722)[0m         
[36m(ClientAppActor pid=92746)[0m 
[36m(ClientAppActor pid=92746)[0m         
[36m(ClientAppActor pid=92743)[0m 
[36m(ClientAppActor pid=92743)[0m         
[36m(ClientAppActor pid=92745)[0m 
[36m(ClientAppActor pid=92745)[0m         
[36m(ClientAppActor pid=92739)[0m 
[36m(ClientAppActor pid=92739)[0m         
[36m(ClientAppActor pid=92746)[0m 
[36m(ClientAppActor pid=92746)[0m         
[36m(ClientAppActor pid=92722)[0m 
[36m(ClientAppActor pid=92722)[0m         
[36m(ClientAppActor pid=92742)[0m 
[36m(ClientAppActor pid=92742)[0m         
[36m(ClientAppActor pid=92744)[0m 
[36m(ClientAppActor pid=92744)[0m         
[36m(ClientAppActor pid=92739)[0m 
[36m(ClientAppActor pid=92739)[0m         
[36m(ClientAppActor pid=92746)[0m 
[36m(ClientAppActor pid=92746)[0m         
[36m(ClientAppActor pid=92746)[0m [93mWARNING [0m:   DEPRECATED FEATURE: `client_fn` now expects a signature `def client_fn(context: Context)`.The provided `client_fn` has signature: {'cid': <Parameter "cid: str">}. You can import the `Context` like this: `from flwr.common import Context`[32m [repeated 19x across cluster][0m
[36m(ClientAppActor pid=92746)[0m             This is a deprecated feature. It will be removed[32m [repeated 19x across cluster][0m
[36m(ClientAppActor pid=92746)[0m             entirely in future versions of Flower.[32m [repeated 19x across cluster][0m
[36m(ClientAppActor pid=92745)[0m 
[36m(ClientAppActor pid=92745)[0m         
[36m(ClientAppActor pid=92722)[0m 
[36m(ClientAppActor pid=92722)[0m         
[36m(ClientAppActor pid=92743)[0m 
[36m(ClientAppActor pid=92743)[0m         
[36m(ClientAppActor pid=92741)[0m 
[36m(ClientAppActor pid=92741)[0m         
[36m(ClientAppActor pid=92744)[0m 
[36m(ClientAppActor pid=92744)[0m         
[36m(ClientAppActor pid=92739)[0m 
[36m(ClientAppActor pid=92739)[0m         
[36m(ClientAppActor pid=92742)[0m 
[36m(ClientAppActor pid=92742)[0m         
[36m(ClientAppActor pid=92746)[0m 
[36m(ClientAppActor pid=92746)[0m         
[36m(ClientAppActor pid=92722)[0m 
[36m(ClientAppActor pid=92722)[0m         
[36m(ClientAppActor pid=92743)[0m 
[36m(ClientAppActor pid=92743)[0m         
[36m(ClientAppActor pid=92745)[0m 
[36m(ClientAppActor pid=92745)[0m         
[36m(ClientAppActor pid=92741)[0m 
[36m(ClientAppActor pid=92741)[0m         
[36m(ClientAppActor pid=92742)[0m 
[36m(ClientAppActor pid=92742)[0m         
[36m(ClientAppActor pid=92739)[0m 
[36m(ClientAppActor pid=92739)[0m         
[36m(ClientAppActor pid=92722)[0m 
[36m(ClientAppActor pid=92722)[0m         
[36m(ClientAppActor pid=92744)[0m 
[36m(ClientAppActor pid=92744)[0m         
[36m(ClientAppActor pid=92743)[0m 
[36m(ClientAppActor pid=92743)[0m         
[36m(ClientAppActor pid=92743)[0m [93mWARNING [0m:   DEPRECATED FEATURE: `client_fn` now expects a signature `def client_fn(context: Context)`.The provided `client_fn` has signature: {'cid': <Parameter "cid: str">}. You can import the `Context` like this: `from flwr.common import Context`[32m [repeated 17x across cluster][0m
[36m(ClientAppActor pid=92743)[0m             This is a deprecated feature. It will be removed[32m [repeated 17x across cluster][0m
[36m(ClientAppActor pid=92743)[0m             entirely in future versions of Flower.[32m [repeated 17x across cluster][0m
[36m(ClientAppActor pid=92741)[0m 
[36m(ClientAppActor pid=92741)[0m         
[36m(ClientAppActor pid=92722)[0m 
[36m(ClientAppActor pid=92722)[0m         
[36m(ClientAppActor pid=92746)[0m 
[36m(ClientAppActor pid=92746)[0m         
[36m(ClientAppActor pid=92742)[0m 
[36m(ClientAppActor pid=92742)[0m         
[36m(ClientAppActor pid=92745)[0m 
[36m(ClientAppActor pid=92745)[0m         
[36m(ClientAppActor pid=92743)[0m 
[36m(ClientAppActor pid=92743)[0m         
[36m(ClientAppActor pid=92739)[0m 
[36m(ClientAppActor pid=92739)[0m         
[36m(ClientAppActor pid=92746)[0m 
[36m(ClientAppActor pid=92746)[0m         
[36m(ClientAppActor pid=92744)[0m 
[36m(ClientAppActor pid=92744)[0m         
[36m(ClientAppActor pid=92742)[0m 
[36m(ClientAppActor pid=92742)[0m         
[36m(ClientAppActor pid=92745)[0m 
[36m(ClientAppActor pid=92745)[0m         
[36m(ClientAppActor pid=92739)[0m 
[36m(ClientAppActor pid=92739)[0m         
[36m(ClientAppActor pid=92722)[0m 
[36m(ClientAppActor pid=92722)[0m         
[36m(ClientAppActor pid=92743)[0m 
[36m(ClientAppActor pid=92743)[0m         
[36m(ClientAppActor pid=92746)[0m 
[36m(ClientAppActor pid=92746)[0m         
[36m(ClientAppActor pid=92744)[0m 
[36m(ClientAppActor pid=92744)[0m         
[36m(ClientAppActor pid=92745)[0m 
[36m(ClientAppActor pid=92745)[0m         
[36m(ClientAppActor pid=92742)[0m 
[36m(ClientAppActor pid=92742)[0m         
[36m(ClientAppActor pid=92741)[0m 
[36m(ClientAppActor pid=92741)[0m         
[36m(ClientAppActor pid=92741)[0m [93mWARNING [0m:   DEPRECATED FEATURE: `client_fn` now expects a signature `def client_fn(context: Context)`.The provided `client_fn` has signature: {'cid': <Parameter "cid: str">}. You can import the `Context` like this: `from flwr.common import Context`[32m [repeated 19x across cluster][0m
[36m(ClientAppActor pid=92741)[0m             This is a deprecated feature. It will be removed[32m [repeated 19x across cluster][0m
[36m(ClientAppActor pid=92741)[0m             entirely in future versions of Flower.[32m [repeated 19x across cluster][0m
[36m(ClientAppActor pid=92744)[0m 
[36m(ClientAppActor pid=92744)[0m         
[36m(ClientAppActor pid=92739)[0m 
[36m(ClientAppActor pid=92739)[0m         
[36m(ClientAppActor pid=92743)[0m 
[36m(ClientAppActor pid=92743)[0m         
[36m(ClientAppActor pid=92745)[0m 
[36m(ClientAppActor pid=92745)[0m         
[36m(ClientAppActor pid=92722)[0m 
[36m(ClientAppActor pid=92722)[0m         
[36m(ClientAppActor pid=92742)[0m 
[36m(ClientAppActor pid=92742)[0m         
[36m(ClientAppActor pid=92744)[0m 
[36m(ClientAppActor pid=92744)[0m         
[36m(ClientAppActor pid=92746)[0m 
[36m(ClientAppActor pid=92746)[0m         
[36m(ClientAppActor pid=92741)[0m 
[36m(ClientAppActor pid=92741)[0m         
[36m(ClientAppActor pid=92743)[0m 
[36m(ClientAppActor pid=92743)[0m         
[36m(ClientAppActor pid=92739)[0m 
[36m(ClientAppActor pid=92739)[0m         
[36m(ClientAppActor pid=92745)[0m 
[36m(ClientAppActor pid=92745)[0m         
[36m(ClientAppActor pid=92742)[0m 
[36m(ClientAppActor pid=92742)[0m         
[36m(ClientAppActor pid=92746)[0m 
[36m(ClientAppActor pid=92746)[0m         
[36m(ClientAppActor pid=92743)[0m 
[36m(ClientAppActor pid=92743)[0m         
[36m(ClientAppActor pid=92744)[0m 
[36m(ClientAppActor pid=92744)[0m         
[36m(ClientAppActor pid=92722)[0m 
[36m(ClientAppActor pid=92722)[0m         
[36m(ClientAppActor pid=92739)[0m 
[36m(ClientAppActor pid=92739)[0m         
[36m(ClientAppActor pid=92745)[0m 
[36m(ClientAppActor pid=92745)[0m         
[36m(ClientAppActor pid=92745)[0m [93mWARNING [0m:   DEPRECATED FEATURE: `client_fn` now expects a signature `def client_fn(context: Context)`.The provided `client_fn` has signature: {'cid': <Parameter "cid: str">}. You can import the `Context` like this: `from flwr.common import Context`[32m [repeated 19x across cluster][0m
[36m(ClientAppActor pid=92745)[0m             This is a deprecated feature. It will be removed[32m [repeated 19x across cluster][0m
[36m(ClientAppActor pid=92745)[0m             entirely in future versions of Flower.[32m [repeated 19x across cluster][0m
[92mINFO [0m:      aggregate_fit: received 100 results and 0 failures
[92mINFO [0m:      fit progress: (17, 1.9473605087608288, {'accuracy': 0.3088}, 556.2921982239932)
[92mINFO [0m:      configure_evaluate: no clients selected, skipping evaluation
[92mINFO [0m:      
[92mINFO [0m:      [ROUND 18]
[92mINFO [0m:      configure_fit: strategy sampled 100 clients (out of 100)
[36m(ClientAppActor pid=92741)[0m 
[36m(ClientAppActor pid=92741)[0m         
[36m(ClientAppActor pid=92741)[0m [93mWARNING [0m:   DEPRECATED FEATURE: `client_fn` now expects a signature `def client_fn(context: Context)`.The provided `client_fn` has signature: {'cid': <Parameter "cid: str">}. You can import the `Context` like this: `from flwr.common import Context`
[36m(ClientAppActor pid=92741)[0m             This is a deprecated feature. It will be removed
[36m(ClientAppActor pid=92741)[0m             entirely in future versions of Flower.
[36m(ClientAppActor pid=92722)[0m [93mWARNING [0m:   DEPRECATED FEATURE: `client_fn` now expects a signature `def client_fn(context: Context)`.The provided `client_fn` has signature: {'cid': <Parameter "cid: str">}. You can import the `Context` like this: `from flwr.common import Context`
[36m(ClientAppActor pid=92722)[0m 
[36m(ClientAppActor pid=92722)[0m             This is a deprecated feature. It will be removed
[36m(ClientAppActor pid=92722)[0m             entirely in future versions of Flower.
[36m(ClientAppActor pid=92722)[0m         
[36m(ClientAppActor pid=92746)[0m 
[36m(ClientAppActor pid=92746)[0m         
[36m(ClientAppActor pid=92742)[0m 
[36m(ClientAppActor pid=92742)[0m         
[36m(ClientAppActor pid=92743)[0m 
[36m(ClientAppActor pid=92743)[0m         
[36m(ClientAppActor pid=92744)[0m 
[36m(ClientAppActor pid=92744)[0m         
[36m(ClientAppActor pid=92745)[0m 
[36m(ClientAppActor pid=92745)[0m         
[36m(ClientAppActor pid=92739)[0m 
[36m(ClientAppActor pid=92739)[0m         
[36m(ClientAppActor pid=92739)[0m 
[36m(ClientAppActor pid=92739)[0m         
[36m(ClientAppActor pid=92742)[0m 
[36m(ClientAppActor pid=92742)[0m         
[36m(ClientAppActor pid=92744)[0m 
[36m(ClientAppActor pid=92744)[0m         
[36m(ClientAppActor pid=92722)[0m 
[36m(ClientAppActor pid=92722)[0m         
[36m(ClientAppActor pid=92745)[0m 
[36m(ClientAppActor pid=92745)[0m         
[36m(ClientAppActor pid=92741)[0m 
[36m(ClientAppActor pid=92741)[0m         
[36m(ClientAppActor pid=92746)[0m 
[36m(ClientAppActor pid=92746)[0m         
[36m(ClientAppActor pid=92744)[0m 
[36m(ClientAppActor pid=92744)[0m         
[36m(ClientAppActor pid=92743)[0m 
[36m(ClientAppActor pid=92743)[0m         
[36m(ClientAppActor pid=92722)[0m 
[36m(ClientAppActor pid=92722)[0m         
[36m(ClientAppActor pid=92742)[0m 
[36m(ClientAppActor pid=92742)[0m         
[36m(ClientAppActor pid=92741)[0m 
[36m(ClientAppActor pid=92741)[0m         
[36m(ClientAppActor pid=92739)[0m 
[36m(ClientAppActor pid=92739)[0m         
[36m(ClientAppActor pid=92745)[0m 
[36m(ClientAppActor pid=92745)[0m         
[36m(ClientAppActor pid=92743)[0m 
[36m(ClientAppActor pid=92743)[0m         
[36m(ClientAppActor pid=92743)[0m [93mWARNING [0m:   DEPRECATED FEATURE: `client_fn` now expects a signature `def client_fn(context: Context)`.The provided `client_fn` has signature: {'cid': <Parameter "cid: str">}. You can import the `Context` like this: `from flwr.common import Context`[32m [repeated 21x across cluster][0m
[36m(ClientAppActor pid=92743)[0m             This is a deprecated feature. It will be removed[32m [repeated 21x across cluster][0m
[36m(ClientAppActor pid=92743)[0m             entirely in future versions of Flower.[32m [repeated 21x across cluster][0m
[36m(ClientAppActor pid=92746)[0m 
[36m(ClientAppActor pid=92746)[0m         
[36m(ClientAppActor pid=92744)[0m 
[36m(ClientAppActor pid=92744)[0m         
[36m(ClientAppActor pid=92722)[0m 
[36m(ClientAppActor pid=92722)[0m         
[36m(ClientAppActor pid=92742)[0m 
[36m(ClientAppActor pid=92742)[0m         
[36m(ClientAppActor pid=92745)[0m 
[36m(ClientAppActor pid=92745)[0m         
[36m(ClientAppActor pid=92743)[0m 
[36m(ClientAppActor pid=92743)[0m         
[36m(ClientAppActor pid=92744)[0m 
[36m(ClientAppActor pid=92744)[0m         
[36m(ClientAppActor pid=92739)[0m 
[36m(ClientAppActor pid=92739)[0m         
[36m(ClientAppActor pid=92746)[0m 
[36m(ClientAppActor pid=92746)[0m         
[36m(ClientAppActor pid=92743)[0m 
[36m(ClientAppActor pid=92743)[0m         
[36m(ClientAppActor pid=92745)[0m 
[36m(ClientAppActor pid=92745)[0m         
[36m(ClientAppActor pid=92741)[0m 
[36m(ClientAppActor pid=92741)[0m         
[36m(ClientAppActor pid=92722)[0m 
[36m(ClientAppActor pid=92722)[0m         
[36m(ClientAppActor pid=92742)[0m 
[36m(ClientAppActor pid=92742)[0m         
[36m(ClientAppActor pid=92744)[0m 
[36m(ClientAppActor pid=92744)[0m         
[36m(ClientAppActor pid=92743)[0m 
[36m(ClientAppActor pid=92743)[0m         
[36m(ClientAppActor pid=92722)[0m 
[36m(ClientAppActor pid=92722)[0m         
[36m(ClientAppActor pid=92741)[0m 
[36m(ClientAppActor pid=92741)[0m         
[36m(ClientAppActor pid=92741)[0m [93mWARNING [0m:   DEPRECATED FEATURE: `client_fn` now expects a signature `def client_fn(context: Context)`.The provided `client_fn` has signature: {'cid': <Parameter "cid: str">}. You can import the `Context` like this: `from flwr.common import Context`[32m [repeated 18x across cluster][0m
[36m(ClientAppActor pid=92741)[0m             This is a deprecated feature. It will be removed[32m [repeated 18x across cluster][0m
[36m(ClientAppActor pid=92741)[0m             entirely in future versions of Flower.[32m [repeated 18x across cluster][0m
[36m(ClientAppActor pid=92742)[0m 
[36m(ClientAppActor pid=92742)[0m         
[36m(ClientAppActor pid=92739)[0m 
[36m(ClientAppActor pid=92739)[0m         
[36m(ClientAppActor pid=92743)[0m 
[36m(ClientAppActor pid=92743)[0m         
[36m(ClientAppActor pid=92722)[0m 
[36m(ClientAppActor pid=92722)[0m         
[36m(ClientAppActor pid=92744)[0m 
[36m(ClientAppActor pid=92744)[0m         
[36m(ClientAppActor pid=92741)[0m 
[36m(ClientAppActor pid=92741)[0m         
[36m(ClientAppActor pid=92745)[0m 
[36m(ClientAppActor pid=92745)[0m         
[36m(ClientAppActor pid=92744)[0m 
[36m(ClientAppActor pid=92744)[0m         
[36m(ClientAppActor pid=92739)[0m 
[36m(ClientAppActor pid=92739)[0m         
[36m(ClientAppActor pid=92722)[0m 
[36m(ClientAppActor pid=92722)[0m         
[36m(ClientAppActor pid=92741)[0m 
[36m(ClientAppActor pid=92741)[0m         
[36m(ClientAppActor pid=92742)[0m 
[36m(ClientAppActor pid=92742)[0m         
[36m(ClientAppActor pid=92743)[0m 
[36m(ClientAppActor pid=92743)[0m         
[36m(ClientAppActor pid=92746)[0m 
[36m(ClientAppActor pid=92746)[0m         
[36m(ClientAppActor pid=92722)[0m 
[36m(ClientAppActor pid=92722)[0m         
[36m(ClientAppActor pid=92739)[0m 
[36m(ClientAppActor pid=92739)[0m         
[36m(ClientAppActor pid=92743)[0m 
[36m(ClientAppActor pid=92743)[0m         
[36m(ClientAppActor pid=92745)[0m 
[36m(ClientAppActor pid=92745)[0m         
[36m(ClientAppActor pid=92741)[0m 
[36m(ClientAppActor pid=92741)[0m         
[36m(ClientAppActor pid=92746)[0m 
[36m(ClientAppActor pid=92746)[0m         
[36m(ClientAppActor pid=92746)[0m [93mWARNING [0m:   DEPRECATED FEATURE: `client_fn` now expects a signature `def client_fn(context: Context)`.The provided `client_fn` has signature: {'cid': <Parameter "cid: str">}. You can import the `Context` like this: `from flwr.common import Context`[32m [repeated 20x across cluster][0m
[36m(ClientAppActor pid=92746)[0m             This is a deprecated feature. It will be removed[32m [repeated 20x across cluster][0m
[36m(ClientAppActor pid=92746)[0m             entirely in future versions of Flower.[32m [repeated 20x across cluster][0m
[36m(ClientAppActor pid=92742)[0m 
[36m(ClientAppActor pid=92742)[0m         
[36m(ClientAppActor pid=92744)[0m 
[36m(ClientAppActor pid=92744)[0m         
[36m(ClientAppActor pid=92722)[0m 
[36m(ClientAppActor pid=92722)[0m         
[36m(ClientAppActor pid=92739)[0m 
[36m(ClientAppActor pid=92739)[0m         
[36m(ClientAppActor pid=92745)[0m 
[36m(ClientAppActor pid=92745)[0m         
[36m(ClientAppActor pid=92746)[0m 
[36m(ClientAppActor pid=92746)[0m         
[36m(ClientAppActor pid=92742)[0m 
[36m(ClientAppActor pid=92742)[0m         
[36m(ClientAppActor pid=92743)[0m 
[36m(ClientAppActor pid=92743)[0m         
[36m(ClientAppActor pid=92741)[0m 
[36m(ClientAppActor pid=92741)[0m         
[36m(ClientAppActor pid=92742)[0m 
[36m(ClientAppActor pid=92742)[0m         
[36m(ClientAppActor pid=92744)[0m 
[36m(ClientAppActor pid=92744)[0m         
[36m(ClientAppActor pid=92739)[0m 
[36m(ClientAppActor pid=92739)[0m         
[36m(ClientAppActor pid=92741)[0m 
[36m(ClientAppActor pid=92741)[0m         
[36m(ClientAppActor pid=92746)[0m 
[36m(ClientAppActor pid=92746)[0m         
[36m(ClientAppActor pid=92742)[0m 
[36m(ClientAppActor pid=92742)[0m         
[36m(ClientAppActor pid=92742)[0m [93mWARNING [0m:   DEPRECATED FEATURE: `client_fn` now expects a signature `def client_fn(context: Context)`.The provided `client_fn` has signature: {'cid': <Parameter "cid: str">}. You can import the `Context` like this: `from flwr.common import Context`[32m [repeated 15x across cluster][0m
[36m(ClientAppActor pid=92742)[0m             This is a deprecated feature. It will be removed[32m [repeated 15x across cluster][0m
[36m(ClientAppActor pid=92742)[0m             entirely in future versions of Flower.[32m [repeated 15x across cluster][0m
[36m(ClientAppActor pid=92745)[0m 
[36m(ClientAppActor pid=92745)[0m         
[36m(ClientAppActor pid=92743)[0m 
[36m(ClientAppActor pid=92743)[0m         
[36m(ClientAppActor pid=92722)[0m 
[36m(ClientAppActor pid=92722)[0m         
[36m(ClientAppActor pid=92739)[0m 
[36m(ClientAppActor pid=92739)[0m         
[36m(ClientAppActor pid=92744)[0m 
[36m(ClientAppActor pid=92744)[0m         
[36m(ClientAppActor pid=92741)[0m 
[36m(ClientAppActor pid=92741)[0m         
[36m(ClientAppActor pid=92746)[0m 
[36m(ClientAppActor pid=92746)[0m         
[36m(ClientAppActor pid=92743)[0m 
[36m(ClientAppActor pid=92743)[0m         
[36m(ClientAppActor pid=92722)[0m 
[36m(ClientAppActor pid=92722)[0m         
[36m(ClientAppActor pid=92744)[0m 
[36m(ClientAppActor pid=92744)[0m         
[36m(ClientAppActor pid=92742)[0m 
[36m(ClientAppActor pid=92742)[0m         
[36m(ClientAppActor pid=92739)[0m 
[36m(ClientAppActor pid=92739)[0m         
[36m(ClientAppActor pid=92745)[0m 
[36m(ClientAppActor pid=92745)[0m         
[36m(ClientAppActor pid=92746)[0m 
[36m(ClientAppActor pid=92746)[0m         
[36m(ClientAppActor pid=92741)[0m 
[36m(ClientAppActor pid=92741)[0m         
[36m(ClientAppActor pid=92722)[0m 
[36m(ClientAppActor pid=92722)[0m         
[36m(ClientAppActor pid=92743)[0m 
[36m(ClientAppActor pid=92743)[0m         
[36m(ClientAppActor pid=92742)[0m 
[36m(ClientAppActor pid=92742)[0m         
[36m(ClientAppActor pid=92745)[0m 
[36m(ClientAppActor pid=92745)[0m         
[36m(ClientAppActor pid=92722)[0m 
[36m(ClientAppActor pid=92722)[0m         
[36m(ClientAppActor pid=92744)[0m 
[36m(ClientAppActor pid=92744)[0m         
[36m(ClientAppActor pid=92739)[0m 
[36m(ClientAppActor pid=92739)[0m         
[36m(ClientAppActor pid=92746)[0m 
[36m(ClientAppActor pid=92746)[0m         
[36m(ClientAppActor pid=92741)[0m 
[36m(ClientAppActor pid=92741)[0m         
[36m(ClientAppActor pid=92741)[0m [93mWARNING [0m:   DEPRECATED FEATURE: `client_fn` now expects a signature `def client_fn(context: Context)`.The provided `client_fn` has signature: {'cid': <Parameter "cid: str">}. You can import the `Context` like this: `from flwr.common import Context`[32m [repeated 24x across cluster][0m
[36m(ClientAppActor pid=92741)[0m             This is a deprecated feature. It will be removed[32m [repeated 24x across cluster][0m
[36m(ClientAppActor pid=92741)[0m             entirely in future versions of Flower.[32m [repeated 24x across cluster][0m
[92mINFO [0m:      aggregate_fit: received 100 results and 0 failures
[92mINFO [0m:      fit progress: (18, 1.9380048748793874, {'accuracy': 0.3118}, 587.1921992436983)
[92mINFO [0m:      configure_evaluate: no clients selected, skipping evaluation
[92mINFO [0m:      
[92mINFO [0m:      [ROUND 19]
[92mINFO [0m:      configure_fit: strategy sampled 100 clients (out of 100)
[36m(ClientAppActor pid=92741)[0m 
[36m(ClientAppActor pid=92741)[0m         
[36m(ClientAppActor pid=92722)[0m 
[36m(ClientAppActor pid=92722)[0m         
[36m(ClientAppActor pid=92746)[0m 
[36m(ClientAppActor pid=92746)[0m         
[36m(ClientAppActor pid=92744)[0m 
[36m(ClientAppActor pid=92744)[0m         
[36m(ClientAppActor pid=92742)[0m 
[36m(ClientAppActor pid=92742)[0m         
[36m(ClientAppActor pid=92745)[0m 
[36m(ClientAppActor pid=92745)[0m         
[36m(ClientAppActor pid=92739)[0m 
[36m(ClientAppActor pid=92739)[0m         
[36m(ClientAppActor pid=92743)[0m 
[36m(ClientAppActor pid=92743)[0m         
[36m(ClientAppActor pid=92741)[0m 
[36m(ClientAppActor pid=92741)[0m         
[36m(ClientAppActor pid=92741)[0m [93mWARNING [0m:   DEPRECATED FEATURE: `client_fn` now expects a signature `def client_fn(context: Context)`.The provided `client_fn` has signature: {'cid': <Parameter "cid: str">}. You can import the `Context` like this: `from flwr.common import Context`[32m [repeated 9x across cluster][0m
[36m(ClientAppActor pid=92741)[0m             This is a deprecated feature. It will be removed[32m [repeated 9x across cluster][0m
[36m(ClientAppActor pid=92741)[0m             entirely in future versions of Flower.[32m [repeated 9x across cluster][0m
[36m(ClientAppActor pid=92744)[0m 
[36m(ClientAppActor pid=92744)[0m         
[36m(ClientAppActor pid=92745)[0m 
[36m(ClientAppActor pid=92745)[0m         
[36m(ClientAppActor pid=92743)[0m 
[36m(ClientAppActor pid=92743)[0m         
[36m(ClientAppActor pid=92722)[0m 
[36m(ClientAppActor pid=92722)[0m         
[36m(ClientAppActor pid=92742)[0m 
[36m(ClientAppActor pid=92742)[0m         
[36m(ClientAppActor pid=92739)[0m 
[36m(ClientAppActor pid=92739)[0m         
[36m(ClientAppActor pid=92746)[0m 
[36m(ClientAppActor pid=92746)[0m         
[36m(ClientAppActor pid=92744)[0m 
[36m(ClientAppActor pid=92744)[0m         
[36m(ClientAppActor pid=92739)[0m 
[36m(ClientAppActor pid=92739)[0m         
[36m(ClientAppActor pid=92722)[0m 
[36m(ClientAppActor pid=92722)[0m         
[36m(ClientAppActor pid=92746)[0m 
[36m(ClientAppActor pid=92746)[0m         
[36m(ClientAppActor pid=92744)[0m 
[36m(ClientAppActor pid=92744)[0m         
[36m(ClientAppActor pid=92741)[0m 
[36m(ClientAppActor pid=92741)[0m         
[36m(ClientAppActor pid=92745)[0m 
[36m(ClientAppActor pid=92745)[0m         
[36m(ClientAppActor pid=92743)[0m 
[36m(ClientAppActor pid=92743)[0m         
[36m(ClientAppActor pid=92742)[0m 
[36m(ClientAppActor pid=92742)[0m         
[36m(ClientAppActor pid=92739)[0m 
[36m(ClientAppActor pid=92739)[0m         
[36m(ClientAppActor pid=92722)[0m 
[36m(ClientAppActor pid=92722)[0m         
[36m(ClientAppActor pid=92745)[0m 
[36m(ClientAppActor pid=92745)[0m         
[36m(ClientAppActor pid=92744)[0m 
[36m(ClientAppActor pid=92744)[0m         
[36m(ClientAppActor pid=92743)[0m 
[36m(ClientAppActor pid=92743)[0m         
[36m(ClientAppActor pid=92743)[0m [93mWARNING [0m:   DEPRECATED FEATURE: `client_fn` now expects a signature `def client_fn(context: Context)`.The provided `client_fn` has signature: {'cid': <Parameter "cid: str">}. You can import the `Context` like this: `from flwr.common import Context`[32m [repeated 21x across cluster][0m
[36m(ClientAppActor pid=92743)[0m             This is a deprecated feature. It will be removed[32m [repeated 21x across cluster][0m
[36m(ClientAppActor pid=92743)[0m             entirely in future versions of Flower.[32m [repeated 21x across cluster][0m
[36m(ClientAppActor pid=92741)[0m 
[36m(ClientAppActor pid=92741)[0m         
[36m(ClientAppActor pid=92742)[0m 
[36m(ClientAppActor pid=92742)[0m         
[36m(ClientAppActor pid=92739)[0m 
[36m(ClientAppActor pid=92739)[0m         
[36m(ClientAppActor pid=92745)[0m 
[36m(ClientAppActor pid=92745)[0m         
[36m(ClientAppActor pid=92722)[0m 
[36m(ClientAppActor pid=92722)[0m         
[36m(ClientAppActor pid=92744)[0m 
[36m(ClientAppActor pid=92744)[0m         
[36m(ClientAppActor pid=92746)[0m 
[36m(ClientAppActor pid=92746)[0m         
[36m(ClientAppActor pid=92744)[0m 
[36m(ClientAppActor pid=92744)[0m         
[36m(ClientAppActor pid=92739)[0m 
[36m(ClientAppActor pid=92739)[0m         
[36m(ClientAppActor pid=92745)[0m 
[36m(ClientAppActor pid=92745)[0m         
[36m(ClientAppActor pid=92742)[0m 
[36m(ClientAppActor pid=92742)[0m         
[36m(ClientAppActor pid=92741)[0m 
[36m(ClientAppActor pid=92741)[0m         
[36m(ClientAppActor pid=92722)[0m 
[36m(ClientAppActor pid=92722)[0m         
[36m(ClientAppActor pid=92743)[0m 
[36m(ClientAppActor pid=92743)[0m         
[36m(ClientAppActor pid=92744)[0m 
[36m(ClientAppActor pid=92744)[0m         
[36m(ClientAppActor pid=92722)[0m 
[36m(ClientAppActor pid=92722)[0m         
[36m(ClientAppActor pid=92745)[0m 
[36m(ClientAppActor pid=92745)[0m         
[36m(ClientAppActor pid=92744)[0m 
[36m(ClientAppActor pid=92744)[0m         
[36m(ClientAppActor pid=92739)[0m 
[36m(ClientAppActor pid=92739)[0m         
[36m(ClientAppActor pid=92741)[0m 
[36m(ClientAppActor pid=92741)[0m         
[36m(ClientAppActor pid=92746)[0m 
[36m(ClientAppActor pid=92746)[0m         
[36m(ClientAppActor pid=92746)[0m [93mWARNING [0m:   DEPRECATED FEATURE: `client_fn` now expects a signature `def client_fn(context: Context)`.The provided `client_fn` has signature: {'cid': <Parameter "cid: str">}. You can import the `Context` like this: `from flwr.common import Context`[32m [repeated 21x across cluster][0m
[36m(ClientAppActor pid=92746)[0m             This is a deprecated feature. It will be removed[32m [repeated 21x across cluster][0m
[36m(ClientAppActor pid=92746)[0m             entirely in future versions of Flower.[32m [repeated 21x across cluster][0m
[36m(ClientAppActor pid=92742)[0m 
[36m(ClientAppActor pid=92742)[0m         
[36m(ClientAppActor pid=92743)[0m 
[36m(ClientAppActor pid=92743)[0m         
[36m(ClientAppActor pid=92722)[0m 
[36m(ClientAppActor pid=92722)[0m         
[36m(ClientAppActor pid=92742)[0m 
[36m(ClientAppActor pid=92742)[0m         
[36m(ClientAppActor pid=92744)[0m 
[36m(ClientAppActor pid=92744)[0m         
[36m(ClientAppActor pid=92739)[0m 
[36m(ClientAppActor pid=92739)[0m         
[36m(ClientAppActor pid=92722)[0m 
[36m(ClientAppActor pid=92722)[0m         
[36m(ClientAppActor pid=92741)[0m 
[36m(ClientAppActor pid=92741)[0m         
[36m(ClientAppActor pid=92746)[0m 
[36m(ClientAppActor pid=92746)[0m         
[36m(ClientAppActor pid=92745)[0m 
[36m(ClientAppActor pid=92745)[0m         
[36m(ClientAppActor pid=92743)[0m 
[36m(ClientAppActor pid=92743)[0m         
[36m(ClientAppActor pid=92742)[0m 
[36m(ClientAppActor pid=92742)[0m         
[36m(ClientAppActor pid=92744)[0m 
[36m(ClientAppActor pid=92744)[0m         
[36m(ClientAppActor pid=92739)[0m 
[36m(ClientAppActor pid=92739)[0m         
[36m(ClientAppActor pid=92743)[0m 
[36m(ClientAppActor pid=92743)[0m         
[36m(ClientAppActor pid=92741)[0m 
[36m(ClientAppActor pid=92741)[0m         
[36m(ClientAppActor pid=92741)[0m [93mWARNING [0m:   DEPRECATED FEATURE: `client_fn` now expects a signature `def client_fn(context: Context)`.The provided `client_fn` has signature: {'cid': <Parameter "cid: str">}. You can import the `Context` like this: `from flwr.common import Context`[32m [repeated 16x across cluster][0m
[36m(ClientAppActor pid=92741)[0m             This is a deprecated feature. It will be removed[32m [repeated 16x across cluster][0m
[36m(ClientAppActor pid=92741)[0m             entirely in future versions of Flower.[32m [repeated 16x across cluster][0m
[36m(ClientAppActor pid=92722)[0m 
[36m(ClientAppActor pid=92722)[0m         
[36m(ClientAppActor pid=92746)[0m 
[36m(ClientAppActor pid=92746)[0m         
[36m(ClientAppActor pid=92744)[0m 
[36m(ClientAppActor pid=92744)[0m         
[36m(ClientAppActor pid=92742)[0m 
[36m(ClientAppActor pid=92742)[0m         
[36m(ClientAppActor pid=92745)[0m 
[36m(ClientAppActor pid=92745)[0m         
[36m(ClientAppActor pid=92743)[0m 
[36m(ClientAppActor pid=92743)[0m         
[36m(ClientAppActor pid=92739)[0m 
[36m(ClientAppActor pid=92739)[0m         
[36m(ClientAppActor pid=92741)[0m 
[36m(ClientAppActor pid=92741)[0m         
[36m(ClientAppActor pid=92722)[0m 
[36m(ClientAppActor pid=92722)[0m         
[36m(ClientAppActor pid=92742)[0m 
[36m(ClientAppActor pid=92742)[0m         
[36m(ClientAppActor pid=92743)[0m 
[36m(ClientAppActor pid=92743)[0m         
[36m(ClientAppActor pid=92744)[0m 
[36m(ClientAppActor pid=92744)[0m         
[36m(ClientAppActor pid=92739)[0m 
[36m(ClientAppActor pid=92739)[0m         
[36m(ClientAppActor pid=92746)[0m 
[36m(ClientAppActor pid=92746)[0m         
[36m(ClientAppActor pid=92742)[0m 
[36m(ClientAppActor pid=92742)[0m         
[36m(ClientAppActor pid=92741)[0m 
[36m(ClientAppActor pid=92741)[0m         
[36m(ClientAppActor pid=92722)[0m 
[36m(ClientAppActor pid=92722)[0m         
[36m(ClientAppActor pid=92745)[0m 
[36m(ClientAppActor pid=92745)[0m         
[36m(ClientAppActor pid=92746)[0m 
[36m(ClientAppActor pid=92746)[0m         
[36m(ClientAppActor pid=92744)[0m 
[36m(ClientAppActor pid=92744)[0m         
[36m(ClientAppActor pid=92741)[0m 
[36m(ClientAppActor pid=92741)[0m         
[36m(ClientAppActor pid=92741)[0m [93mWARNING [0m:   DEPRECATED FEATURE: `client_fn` now expects a signature `def client_fn(context: Context)`.The provided `client_fn` has signature: {'cid': <Parameter "cid: str">}. You can import the `Context` like this: `from flwr.common import Context`[32m [repeated 21x across cluster][0m
[36m(ClientAppActor pid=92741)[0m             This is a deprecated feature. It will be removed[32m [repeated 21x across cluster][0m
[36m(ClientAppActor pid=92741)[0m             entirely in future versions of Flower.[32m [repeated 21x across cluster][0m
[36m(ClientAppActor pid=92742)[0m 
[36m(ClientAppActor pid=92742)[0m         
[36m(ClientAppActor pid=92722)[0m 
[36m(ClientAppActor pid=92722)[0m         
[36m(ClientAppActor pid=92741)[0m 
[36m(ClientAppActor pid=92741)[0m         
[36m(ClientAppActor pid=92739)[0m 
[36m(ClientAppActor pid=92739)[0m         
[36m(ClientAppActor pid=92744)[0m 
[36m(ClientAppActor pid=92744)[0m         
[36m(ClientAppActor pid=92746)[0m 
[36m(ClientAppActor pid=92746)[0m         
[36m(ClientAppActor pid=92745)[0m 
[36m(ClientAppActor pid=92745)[0m         
[36m(ClientAppActor pid=92742)[0m 
[36m(ClientAppActor pid=92742)[0m         
[36m(ClientAppActor pid=92741)[0m 
[36m(ClientAppActor pid=92741)[0m         
[36m(ClientAppActor pid=92743)[0m 
[36m(ClientAppActor pid=92743)[0m         
[36m(ClientAppActor pid=92746)[0m 
[36m(ClientAppActor pid=92746)[0m         
[36m(ClientAppActor pid=92722)[0m 
[36m(ClientAppActor pid=92722)[0m         
[92mINFO [0m:      aggregate_fit: received 100 results and 0 failures
[92mINFO [0m:      fit progress: (19, 1.9298905566999107, {'accuracy': 0.3133}, 618.5741899367422)
[92mINFO [0m:      configure_evaluate: no clients selected, skipping evaluation
[92mINFO [0m:      
[92mINFO [0m:      [ROUND 20]
[92mINFO [0m:      configure_fit: strategy sampled 100 clients (out of 100)
[36m(ClientAppActor pid=92741)[0m 
[36m(ClientAppActor pid=92741)[0m         
[36m(ClientAppActor pid=92741)[0m [93mWARNING [0m:   DEPRECATED FEATURE: `client_fn` now expects a signature `def client_fn(context: Context)`.The provided `client_fn` has signature: {'cid': <Parameter "cid: str">}. You can import the `Context` like this: `from flwr.common import Context`[32m [repeated 13x across cluster][0m
[36m(ClientAppActor pid=92741)[0m             This is a deprecated feature. It will be removed[32m [repeated 13x across cluster][0m
[36m(ClientAppActor pid=92741)[0m             entirely in future versions of Flower.[32m [repeated 13x across cluster][0m
[36m(ClientAppActor pid=92722)[0m 
[36m(ClientAppActor pid=92722)[0m         
[36m(ClientAppActor pid=92746)[0m 
[36m(ClientAppActor pid=92746)[0m         
[36m(ClientAppActor pid=92742)[0m 
[36m(ClientAppActor pid=92742)[0m         
[36m(ClientAppActor pid=92743)[0m 
[36m(ClientAppActor pid=92743)[0m         
[36m(ClientAppActor pid=92744)[0m 
[36m(ClientAppActor pid=92744)[0m         
[36m(ClientAppActor pid=92745)[0m 
[36m(ClientAppActor pid=92745)[0m         
[36m(ClientAppActor pid=92739)[0m 
[36m(ClientAppActor pid=92739)[0m         
[36m(ClientAppActor pid=92741)[0m 
[36m(ClientAppActor pid=92741)[0m         
[36m(ClientAppActor pid=92722)[0m 
[36m(ClientAppActor pid=92722)[0m         
[36m(ClientAppActor pid=92739)[0m 
[36m(ClientAppActor pid=92739)[0m         
[36m(ClientAppActor pid=92744)[0m 
[36m(ClientAppActor pid=92744)[0m         
[36m(ClientAppActor pid=92746)[0m 
[36m(ClientAppActor pid=92746)[0m         
[36m(ClientAppActor pid=92742)[0m 
[36m(ClientAppActor pid=92742)[0m         
[36m(ClientAppActor pid=92743)[0m 
[36m(ClientAppActor pid=92743)[0m         
[36m(ClientAppActor pid=92745)[0m 
[36m(ClientAppActor pid=92745)[0m         
[36m(ClientAppActor pid=92746)[0m 
[36m(ClientAppActor pid=92746)[0m         
[36m(ClientAppActor pid=92722)[0m 
[36m(ClientAppActor pid=92722)[0m         
[36m(ClientAppActor pid=92744)[0m 
[36m(ClientAppActor pid=92744)[0m         
[36m(ClientAppActor pid=92741)[0m 
[36m(ClientAppActor pid=92741)[0m         
[36m(ClientAppActor pid=92745)[0m 
[36m(ClientAppActor pid=92745)[0m         
[36m(ClientAppActor pid=92743)[0m 
[36m(ClientAppActor pid=92743)[0m         
[36m(ClientAppActor pid=92739)[0m 
[36m(ClientAppActor pid=92739)[0m         
[36m(ClientAppActor pid=92739)[0m [93mWARNING [0m:   DEPRECATED FEATURE: `client_fn` now expects a signature `def client_fn(context: Context)`.The provided `client_fn` has signature: {'cid': <Parameter "cid: str">}. You can import the `Context` like this: `from flwr.common import Context`[32m [repeated 22x across cluster][0m
[36m(ClientAppActor pid=92739)[0m             This is a deprecated feature. It will be removed[32m [repeated 22x across cluster][0m
[36m(ClientAppActor pid=92739)[0m             entirely in future versions of Flower.[32m [repeated 22x across cluster][0m
[36m(ClientAppActor pid=92722)[0m 
[36m(ClientAppActor pid=92722)[0m         
[36m(ClientAppActor pid=92744)[0m 
[36m(ClientAppActor pid=92744)[0m         
[36m(ClientAppActor pid=92746)[0m 
[36m(ClientAppActor pid=92746)[0m         
[36m(ClientAppActor pid=92741)[0m 
[36m(ClientAppActor pid=92741)[0m         
[36m(ClientAppActor pid=92745)[0m 
[36m(ClientAppActor pid=92745)[0m         
[36m(ClientAppActor pid=92746)[0m 
[36m(ClientAppActor pid=92746)[0m         
[36m(ClientAppActor pid=92722)[0m 
[36m(ClientAppActor pid=92722)[0m         
[36m(ClientAppActor pid=92739)[0m 
[36m(ClientAppActor pid=92739)[0m         
[36m(ClientAppActor pid=92742)[0m 
[36m(ClientAppActor pid=92742)[0m         
[36m(ClientAppActor pid=92743)[0m 
[36m(ClientAppActor pid=92743)[0m         
[36m(ClientAppActor pid=92741)[0m 
[36m(ClientAppActor pid=92741)[0m         
[36m(ClientAppActor pid=92745)[0m 
[36m(ClientAppActor pid=92745)[0m         
[36m(ClientAppActor pid=92744)[0m 
[36m(ClientAppActor pid=92744)[0m         
[36m(ClientAppActor pid=92746)[0m 
[36m(ClientAppActor pid=92746)[0m         
[36m(ClientAppActor pid=92741)[0m 
[36m(ClientAppActor pid=92741)[0m         
[36m(ClientAppActor pid=92743)[0m 
[36m(ClientAppActor pid=92743)[0m         
[36m(ClientAppActor pid=92722)[0m 
[36m(ClientAppActor pid=92722)[0m         
[36m(ClientAppActor pid=92742)[0m 
[36m(ClientAppActor pid=92742)[0m         
[36m(ClientAppActor pid=92739)[0m 
[36m(ClientAppActor pid=92739)[0m         
[36m(ClientAppActor pid=92739)[0m [93mWARNING [0m:   DEPRECATED FEATURE: `client_fn` now expects a signature `def client_fn(context: Context)`.The provided `client_fn` has signature: {'cid': <Parameter "cid: str">}. You can import the `Context` like this: `from flwr.common import Context`[32m [repeated 19x across cluster][0m
[36m(ClientAppActor pid=92739)[0m             This is a deprecated feature. It will be removed[32m [repeated 19x across cluster][0m
[36m(ClientAppActor pid=92739)[0m             entirely in future versions of Flower.[32m [repeated 19x across cluster][0m
[36m(ClientAppActor pid=92741)[0m 
[36m(ClientAppActor pid=92741)[0m         
[36m(ClientAppActor pid=92746)[0m 
[36m(ClientAppActor pid=92746)[0m         
[36m(ClientAppActor pid=92743)[0m 
[36m(ClientAppActor pid=92743)[0m         
[36m(ClientAppActor pid=92745)[0m 
[36m(ClientAppActor pid=92745)[0m         
[36m(ClientAppActor pid=92722)[0m 
[36m(ClientAppActor pid=92722)[0m         
[36m(ClientAppActor pid=92744)[0m 
[36m(ClientAppActor pid=92744)[0m         
[36m(ClientAppActor pid=92742)[0m 
[36m(ClientAppActor pid=92742)[0m         
[36m(ClientAppActor pid=92739)[0m 
[36m(ClientAppActor pid=92739)[0m         
[36m(ClientAppActor pid=92746)[0m 
[36m(ClientAppActor pid=92746)[0m         
[36m(ClientAppActor pid=92741)[0m 
[36m(ClientAppActor pid=92741)[0m         
[36m(ClientAppActor pid=92745)[0m 
[36m(ClientAppActor pid=92745)[0m         
[36m(ClientAppActor pid=92722)[0m 
[36m(ClientAppActor pid=92722)[0m         
[36m(ClientAppActor pid=92744)[0m 
[36m(ClientAppActor pid=92744)[0m         
[36m(ClientAppActor pid=92739)[0m 
[36m(ClientAppActor pid=92739)[0m         
[36m(ClientAppActor pid=92746)[0m 
[36m(ClientAppActor pid=92746)[0m         
[36m(ClientAppActor pid=92741)[0m 
[36m(ClientAppActor pid=92741)[0m         
[36m(ClientAppActor pid=92743)[0m 
[36m(ClientAppActor pid=92743)[0m         
[36m(ClientAppActor pid=92745)[0m 
[36m(ClientAppActor pid=92745)[0m         
[36m(ClientAppActor pid=92742)[0m 
[36m(ClientAppActor pid=92742)[0m         
[36m(ClientAppActor pid=92746)[0m 
[36m(ClientAppActor pid=92746)[0m         
[36m(ClientAppActor pid=92746)[0m [93mWARNING [0m:   DEPRECATED FEATURE: `client_fn` now expects a signature `def client_fn(context: Context)`.The provided `client_fn` has signature: {'cid': <Parameter "cid: str">}. You can import the `Context` like this: `from flwr.common import Context`[32m [repeated 20x across cluster][0m
[36m(ClientAppActor pid=92746)[0m             This is a deprecated feature. It will be removed[32m [repeated 20x across cluster][0m
[36m(ClientAppActor pid=92746)[0m             entirely in future versions of Flower.[32m [repeated 20x across cluster][0m
[36m(ClientAppActor pid=92739)[0m 
[36m(ClientAppActor pid=92739)[0m         
[36m(ClientAppActor pid=92741)[0m 
[36m(ClientAppActor pid=92741)[0m         
[36m(ClientAppActor pid=92743)[0m 
[36m(ClientAppActor pid=92743)[0m         
[36m(ClientAppActor pid=92744)[0m 
[36m(ClientAppActor pid=92744)[0m         
[36m(ClientAppActor pid=92745)[0m 
[36m(ClientAppActor pid=92745)[0m         
[36m(ClientAppActor pid=92739)[0m 
[36m(ClientAppActor pid=92739)[0m         
[36m(ClientAppActor pid=92746)[0m 
[36m(ClientAppActor pid=92746)[0m         
[36m(ClientAppActor pid=92742)[0m 
[36m(ClientAppActor pid=92742)[0m         
[36m(ClientAppActor pid=92743)[0m 
[36m(ClientAppActor pid=92743)[0m         
[36m(ClientAppActor pid=92741)[0m 
[36m(ClientAppActor pid=92741)[0m         
[36m(ClientAppActor pid=92745)[0m 
[36m(ClientAppActor pid=92745)[0m         
[36m(ClientAppActor pid=92722)[0m 
[36m(ClientAppActor pid=92722)[0m         
[36m(ClientAppActor pid=92742)[0m 
[36m(ClientAppActor pid=92742)[0m         
[36m(ClientAppActor pid=92746)[0m 
[36m(ClientAppActor pid=92746)[0m         
[36m(ClientAppActor pid=92744)[0m 
[36m(ClientAppActor pid=92744)[0m         
[36m(ClientAppActor pid=92722)[0m 
[36m(ClientAppActor pid=92722)[0m         
[36m(ClientAppActor pid=92739)[0m 
[36m(ClientAppActor pid=92739)[0m         
[36m(ClientAppActor pid=92742)[0m 
[36m(ClientAppActor pid=92742)[0m         
[36m(ClientAppActor pid=92741)[0m 
[36m(ClientAppActor pid=92741)[0m         
[36m(ClientAppActor pid=92743)[0m 
[36m(ClientAppActor pid=92743)[0m         
[36m(ClientAppActor pid=92745)[0m 
[36m(ClientAppActor pid=92745)[0m         
[36m(ClientAppActor pid=92746)[0m 
[36m(ClientAppActor pid=92746)[0m         
[36m(ClientAppActor pid=92746)[0m [93mWARNING [0m:   DEPRECATED FEATURE: `client_fn` now expects a signature `def client_fn(context: Context)`.The provided `client_fn` has signature: {'cid': <Parameter "cid: str">}. You can import the `Context` like this: `from flwr.common import Context`[32m [repeated 22x across cluster][0m
[36m(ClientAppActor pid=92746)[0m             This is a deprecated feature. It will be removed[32m [repeated 22x across cluster][0m
[36m(ClientAppActor pid=92746)[0m             entirely in future versions of Flower.[32m [repeated 22x across cluster][0m
[36m(ClientAppActor pid=92744)[0m 
[36m(ClientAppActor pid=92744)[0m         
[36m(ClientAppActor pid=92742)[0m 
[36m(ClientAppActor pid=92742)[0m         
[36m(ClientAppActor pid=92722)[0m 
[36m(ClientAppActor pid=92722)[0m         
[36m(ClientAppActor pid=92739)[0m 
[36m(ClientAppActor pid=92739)[0m         
[36m(ClientAppActor pid=92746)[0m 
[36m(ClientAppActor pid=92746)[0m         
[36m(ClientAppActor pid=92745)[0m 
[36m(ClientAppActor pid=92745)[0m         
[36m(ClientAppActor pid=92744)[0m 
[36m(ClientAppActor pid=92744)[0m         
[36m(ClientAppActor pid=92739)[0m 
[36m(ClientAppActor pid=92739)[0m         
[36m(ClientAppActor pid=92741)[0m 
[36m(ClientAppActor pid=92741)[0m         
[36m(ClientAppActor pid=92722)[0m 
[36m(ClientAppActor pid=92722)[0m         
[36m(ClientAppActor pid=92743)[0m 
[36m(ClientAppActor pid=92743)[0m         
[36m(ClientAppActor pid=92745)[0m 
[36m(ClientAppActor pid=92745)[0m         
[36m(ClientAppActor pid=92742)[0m 
[36m(ClientAppActor pid=92742)[0m         
[36m(ClientAppActor pid=92746)[0m 
[36m(ClientAppActor pid=92746)[0m         
[36m(ClientAppActor pid=92739)[0m 
[36m(ClientAppActor pid=92739)[0m         
[36m(ClientAppActor pid=92744)[0m 
[36m(ClientAppActor pid=92744)[0m         
[92mINFO [0m:      aggregate_fit: received 100 results and 0 failures
[92mINFO [0m:      fit progress: (20, 1.921801781198781, {'accuracy': 0.3148}, 650.0128587880172)
[92mINFO [0m:      configure_evaluate: no clients selected, skipping evaluation
[92mINFO [0m:      
[92mINFO [0m:      [SUMMARY]
[92mINFO [0m:      Run finished 20 round(s) in 650.01s
[92mINFO [0m:      	History (loss, centralized):
[92mINFO [0m:      		round 0: 2.3079336828486934
[92mINFO [0m:      		round 1: 2.3072768502933965
[92mINFO [0m:      		round 2: 2.303862635497075
[92mINFO [0m:      		round 3: 2.2854085484887383
[92mINFO [0m:      		round 4: 2.25597957289143
[92mINFO [0m:      		round 5: 2.218477599939723
[92mINFO [0m:      		round 6: 2.177197972680353
[92mINFO [0m:      		round 7: 2.1399342322805124
[92mINFO [0m:      		round 8: 2.1086298523435167
[92mINFO [0m:      		round 9: 2.081712641533773
[92mINFO [0m:      		round 10: 2.0579332189195476
[92mINFO [0m:      		round 11: 2.0365631398122024
[92mINFO [0m:      		round 12: 2.0167994947190495
[92mINFO [0m:      		round 13: 1.9991282900427556
[92mINFO [0m:      		round 14: 1.9838962479002158
[92mINFO [0m:      		round 15: 1.969790192926006
[92mINFO [0m:      		round 16: 1.9584150777500906
[92mINFO [0m:      		round 17: 1.9473605087608288
[92mINFO [0m:      		round 18: 1.9380048748793874
[92mINFO [0m:      		round 19: 1.9298905566999107
[92mINFO [0m:      		round 20: 1.921801781198781
[92mINFO [0m:      	History (metrics, centralized):
[92mINFO [0m:      	{'accuracy': [(0, 0.0997),
[92mINFO [0m:      	              (1, 0.1029),
[92mINFO [0m:      	              (2, 0.1153),
[92mINFO [0m:      	              (3, 0.1108),
[92mINFO [0m:      	              (4, 0.1366),
[92mINFO [0m:      	              (5, 0.1772),
[92mINFO [0m:      	              (6, 0.2158),
[92mINFO [0m:      	              (7, 0.2302),
[92mINFO [0m:      	              (8, 0.2467),
[92mINFO [0m:      	              (9, 0.2594),
[92mINFO [0m:      	              (10, 0.2701),
[92mINFO [0m:      	              (11, 0.2756),
[92mINFO [0m:      	              (12, 0.2875),
[92mINFO [0m:      	              (13, 0.2923),
[92mINFO [0m:      	              (14, 0.2958),
[92mINFO [0m:      	              (15, 0.2995),
[92mINFO [0m:      	              (16, 0.303),
[92mINFO [0m:      	              (17, 0.3088),
[92mINFO [0m:      	              (18, 0.3118),
[92mINFO [0m:      	              (19, 0.3133),
[92mINFO [0m:      	              (20, 0.3148)]}
[92mINFO [0m:      
wandb:                                                                                
wandb: 
wandb: Run history:
wandb:         best_accuracy_so_far ▁▁▂▂▂▄▅▅▆▆▇▇▇▇▇██████
wandb:            convergence_round ▁
wandb:                  downlink_mb ▁▁▁▁▁▁▁▁▁▁▁▁▁▁▁▁▁▁▁▁
wandb:          final_best_accuracy ▁
wandb: final_total_aggregation_time ▁
wandb:   per_round_aggregation_time █▂▂▂▂▂▁▂▂▁▂▂▂▂▂▂▂▂▁▂
wandb:                        round ▁▁▁▂▂▂▂▂▂▃▃▃▃▃▃▄▄▄▄▅▅▅▅▅▅▆▆▆▆▆▆▇▇▇▇▇▇███
wandb:              server_accuracy ▁▁▂▁▂▄▅▅▆▆▇▇▇▇▇██████
wandb:                  server_loss ████▇▆▆▅▄▄▃▃▃▂▂▂▂▁▁▁▁
wandb:       total_aggregation_time ▁▁▂▂▂▃▃▄▄▄▅▅▅▆▆▇▇▇██
wandb:         true_runtime_seconds ▁
wandb:                    uplink_mb ▁▁▁▁▁▁▁▁▁▁▁▁▁▁▁▁▁▁▁▁
wandb: 
wandb: Run summary:
wandb:         best_accuracy_so_far 0.3148
wandb:            convergence_round -1
wandb:                  downlink_mb 0.23653
wandb:          final_best_accuracy 0.3148
wandb: final_total_aggregation_time 3.45089
wandb:   per_round_aggregation_time 0.15882
wandb:                        round 20
wandb:              server_accuracy 0.3148
wandb:                  server_loss 1.9218
wandb:       total_aggregation_time 3.45089
wandb:         true_runtime_seconds 660.82864
wandb:                    uplink_mb 23.65341
wandb: 
wandb: You can sync this run to the cloud by running:
wandb: wandb sync /homes/01/sxbhattarai/sec-agg/distributed_fl/wandb/offline-run-20250711_225713-o9codovp
wandb: Find logs at: ./wandb/offline-run-20250711_225713-o9codovp/logs
[36m(ClientAppActor pid=92744)[0m [93mWARNING [0m:   DEPRECATED FEATURE: `client_fn` now expects a signature `def client_fn(context: Context)`.The provided `client_fn` has signature: {'cid': <Parameter "cid: str">}. You can import the `Context` like this: `from flwr.common import Context`[32m [repeated 16x across cluster][0m
[36m(ClientAppActor pid=92744)[0m             This is a deprecated feature. It will be removed[32m [repeated 16x across cluster][0m
[36m(ClientAppActor pid=92744)[0m             entirely in future versions of Flower.[32m [repeated 16x across cluster][0m
